[{"model": "contenttypes.contenttype", "pk": 1, "fields": {"app_label": "auth", "model": "group"}}, {"model": "contenttypes.contenttype", "pk": 2, "fields": {"app_label": "auth", "model": "permission"}}, {"model": "contenttypes.contenttype", "pk": 3, "fields": {"app_label": "auth", "model": "user"}}, {"model": "contenttypes.contenttype", "pk": 4, "fields": {"app_label": "contenttypes", "model": "contenttype"}}, {"model": "contenttypes.contenttype", "pk": 5, "fields": {"app_label": "sessions", "model": "session"}}, {"model": "contenttypes.contenttype", "pk": 6, "fields": {"app_label": "sites", "model": "site"}}, {"model": "contenttypes.contenttype", "pk": 7, "fields": {"app_label": "admin", "model": "logentry"}}, {"model": "contenttypes.contenttype", "pk": 8, "fields": {"app_label": "tastypie", "model": "apikey"}}, {"model": "contenttypes.contenttype", "pk": 9, "fields": {"app_label": "tastypie", "model": "apiaccess"}}, {"model": "contenttypes.contenttype", "pk": 10, "fields": {"app_label": "auditlog", "model": "logentry"}}, {"model": "contenttypes.contenttype", "pk": 11, "fields": {"app_label": "dojo", "model": "test"}}, {"model": "contenttypes.contenttype", "pk": 12, "fields": {"app_label": "dojo", "model": "child_rule"}}, {"model": "contenttypes.contenttype", "pk": 13, "fields": {"app_label": "dojo", "model": "tool_configuration"}}, {"model": "contenttypes.contenttype", "pk": 14, "fields": {"app_label": "dojo", "model": "jira_conf"}}, {"model": "contenttypes.contenttype", "pk": 15, "fields": {"app_label": "dojo", "model": "jira_issue"}}, {"model": "contenttypes.contenttype", "pk": 16, "fields": {"app_label": "dojo", "model": "tool_product_history"}}, {"model": "contenttypes.contenttype", "pk": 17, "fields": {"app_label": "dojo", "model": "va"}}, {"model": "contenttypes.contenttype", "pk": 18, "fields": {"app_label": "dojo", "model": "testing_guide"}}, {"model": "contenttypes.contenttype", "pk": 19, "fields": {"app_label": "dojo", "model": "tool_product_settings"}}, {"model": "contenttypes.contenttype", "pk": 20, "fields": {"app_label": "dojo", "model": "objects_review"}}, {"model": "contenttypes.contenttype", "pk": 21, "fields": {"app_label": "dojo", "model": "report_type"}}, {"model": "contenttypes.contenttype", "pk": 22, "fields": {"app_label": "dojo", "model": "benchmark_requirement"}}, {"model": "contenttypes.contenttype", "pk": 23, "fields": {"app_label": "dojo", "model": "risk_acceptance"}}, {"model": "contenttypes.contenttype", "pk": 24, "fields": {"app_label": "dojo", "model": "report"}}, {"model": "contenttypes.contenttype", "pk": 25, "fields": {"app_label": "dojo", "model": "cred_mapping"}}, {"model": "contenttypes.contenttype", "pk": 26, "fields": {"app_label": "dojo", "model": "product_type"}}, {"model": "contenttypes.contenttype", "pk": 27, "fields": {"app_label": "dojo", "model": "notifications"}}, {"model": "contenttypes.contenttype", "pk": 28, "fields": {"app_label": "dojo", "model": "findingimage"}}, {"model": "contenttypes.contenttype", "pk": 29, "fields": {"app_label": "dojo", "model": "stub_finding"}}, {"model": "contenttypes.contenttype", "pk": 30, "fields": {"app_label": "dojo", "model": "languages"}}, {"model": "contenttypes.contenttype", "pk": 31, "fields": {"app_label": "dojo", "model": "objects_engagement"}}, {"model": "contenttypes.contenttype", "pk": 32, "fields": {"app_label": "dojo", "model": "ipscan"}}, {"model": "contenttypes.contenttype", "pk": 33, "fields": {"app_label": "dojo", "model": "burprawrequestresponse"}}, {"model": "contenttypes.contenttype", "pk": 34, "fields": {"app_label": "dojo", "model": "test_type"}}, {"model": "contenttypes.contenttype", "pk": 35, "fields": {"app_label": "dojo", "model": "language_type"}}, {"model": "contenttypes.contenttype", "pk": 36, "fields": {"app_label": "dojo", "model": "finding"}}, {"model": "contenttypes.contenttype", "pk": 37, "fields": {"app_label": "dojo", "model": "development_environment"}}, {"model": "contenttypes.contenttype", "pk": 38, "fields": {"app_label": "dojo", "model": "system_settings"}}, {"model": "contenttypes.contenttype", "pk": 39, "fields": {"app_label": "dojo", "model": "scan"}}, {"model": "contenttypes.contenttype", "pk": 40, "fields": {"app_label": "dojo", "model": "testing_guide_category"}}, {"model": "contenttypes.contenttype", "pk": 41, "fields": {"app_label": "dojo", "model": "contact"}}, {"model": "contenttypes.contenttype", "pk": 42, "fields": {"app_label": "dojo", "model": "cwe"}}, {"model": "contenttypes.contenttype", "pk": 43, "fields": {"app_label": "dojo", "model": "engagement_type"}}, {"model": "contenttypes.contenttype", "pk": 44, "fields": {"app_label": "dojo", "model": "scansettings"}}, {"model": "contenttypes.contenttype", "pk": 45, "fields": {"app_label": "dojo", "model": "fieldrule"}}, {"model": "contenttypes.contenttype", "pk": 46, "fields": {"app_label": "dojo", "model": "engagement"}}, {"model": "contenttypes.contenttype", "pk": 47, "fields": {"app_label": "dojo", "model": "product"}}, {"model": "contenttypes.contenttype", "pk": 48, "fields": {"app_label": "dojo", "model": "alerts"}}, {"model": "contenttypes.contenttype", "pk": 49, "fields": {"app_label": "dojo", "model": "benchmark_category"}}, {"model": "contenttypes.contenttype", "pk": 50, "fields": {"app_label": "dojo", "model": "app_analysis"}}, {"model": "contenttypes.contenttype", "pk": 51, "fields": {"app_label": "dojo", "model": "product_line"}}, {"model": "contenttypes.contenttype", "pk": 52, "fields": {"app_label": "dojo", "model": "jira_pkey"}}, {"model": "contenttypes.contenttype", "pk": 53, "fields": {"app_label": "dojo", "model": "usercontactinfo"}}, {"model": "contenttypes.contenttype", "pk": 54, "fields": {"app_label": "dojo", "model": "engagement_presets"}}, {"model": "contenttypes.contenttype", "pk": 55, "fields": {"app_label": "dojo", "model": "benchmark_product"}}, {"model": "contenttypes.contenttype", "pk": 56, "fields": {"app_label": "dojo", "model": "endpoint_params"}}, {"model": "contenttypes.contenttype", "pk": 57, "fields": {"app_label": "dojo", "model": "jira_clone"}}, {"model": "contenttypes.contenttype", "pk": 58, "fields": {"app_label": "dojo", "model": "findingimageaccesstoken"}}, {"model": "contenttypes.contenttype", "pk": 59, "fields": {"app_label": "dojo", "model": "benchmark_type"}}, {"model": "contenttypes.contenttype", "pk": 60, "fields": {"app_label": "dojo", "model": "objects"}}, {"model": "contenttypes.contenttype", "pk": 61, "fields": {"app_label": "dojo", "model": "regulation"}}, {"model": "contenttypes.contenttype", "pk": 62, "fields": {"app_label": "dojo", "model": "cred_user"}}, {"model": "contenttypes.contenttype", "pk": 63, "fields": {"app_label": "dojo", "model": "network_locations"}}, {"model": "contenttypes.contenttype", "pk": 64, "fields": {"app_label": "dojo", "model": "notes"}}, {"model": "contenttypes.contenttype", "pk": 65, "fields": {"app_label": "dojo", "model": "endpoint"}}, {"model": "contenttypes.contenttype", "pk": 66, "fields": {"app_label": "dojo", "model": "benchmark_product_summary"}}, {"model": "contenttypes.contenttype", "pk": 67, "fields": {"app_label": "dojo", "model": "finding_template"}}, {"model": "contenttypes.contenttype", "pk": 68, "fields": {"app_label": "dojo", "model": "tool_type"}}, {"model": "contenttypes.contenttype", "pk": 69, "fields": {"app_label": "dojo", "model": "rule"}}, {"model": "contenttypes.contenttype", "pk": 70, "fields": {"app_label": "dojo", "model": "check_list"}}, {"model": "contenttypes.contenttype", "pk": 71, "fields": {"app_label": "dojo", "model": "jira_details_cache"}}, {"model": "contenttypes.contenttype", "pk": 72, "fields": {"app_label": "dojo", "model": "dojo_user"}}, {"model": "contenttypes.contenttype", "pk": 73, "fields": {"app_label": "watson", "model": "searchentry"}}, {"model": "contenttypes.contenttype", "pk": 74, "fields": {"app_label": "tagging", "model": "taggeditem"}}, {"model": "contenttypes.contenttype", "pk": 75, "fields": {"app_label": "tagging", "model": "tag"}}, {"model": "contenttypes.contenttype", "pk": 76, "fields": {"app_label": "custom_field", "model": "customfieldvalue"}}, {"model": "contenttypes.contenttype", "pk": 77, "fields": {"app_label": "custom_field", "model": "customfield"}}, {"model": "contenttypes.contenttype", "pk": 78, "fields": {"app_label": "authtoken", "model": "token"}}, {"model": "sessions.session", "pk": "5q156iirbrb1qrnw5bezdlemgdrafxa0", "fields": {"session_data": "MWZhYTZjMGZjZmE0YTUwYTE2MjJiMGVlODIwYTE2MTg2ZTgwMmFlMTp7ImRvam9fYnJlYWRjcnVtYnMiOlt7InVybCI6Ii8iLCJ0aXRsZSI6IkhvbWUifSx7InVybCI6Ii9wcm9kdWN0L2FkZCIsInRpdGxlIjoiTmV3IFByb2R1Y3QifV0sIl9hdXRoX3VzZXJfaGFzaCI6ImExZTgwNTNjMjk3ZmViOTljMzRlN2ZjOTljMDFhNTA3ODIyOThiMDYiLCJfYXV0aF91c2VyX2JhY2tlbmQiOiJkamFuZ28uY29udHJpYi5hdXRoLmJhY2tlbmRzLk1vZGVsQmFja2VuZCIsIl9hdXRoX3VzZXJfaWQiOiIxIn0=", "expire_date": "2018-12-28T06:56:07.316Z"}}, {"model": "sites.site", "pk": 1, "fields": {"domain": "example.com", "name": "example.com"}}, {"model": "auditlog.logentry", "pk": 1, "fields": {"content_type": 3, "object_pk": "1", "object_id": 1, "object_repr": "John Doe (admin)", "action": 1, "changes": "{\"first_name\": [\"\", \"John\"], \"last_name\": [\"\", \"Doe\"]}", "actor": null, "remote_addr": null, "timestamp": "2018-12-14T06:54:49.955Z", "additional_data": null}}, {"model": "auditlog.logentry", "pk": 2, "fields": {"content_type": 47, "object_pk": "1", "object_id": 1, "object_repr": "Juice Shop", "action": 0, "changes": "{\"product\": [\"None\", \"dojo.Cred_Mapping.None\"], \"prod_manager\": [\"None\", \"0\"], \"name\": [\"None\", \"Juice Shop\"], \"internet_accessible\": [\"None\", \"False\"], \"manager\": [\"None\", \"0\"], \"external_audience\": [\"None\", \"False\"], \"tech_contact\": [\"None\", \"0\"], \"tid\": [\"None\", \"0\"], \"prod_type\": [\"None\", \"Research and Development\"], \"id\": [\"None\", \"1\"], \"description\": [\"None\", \"Juice Shop, see https://github.com/bkimminich/juice-shop\"]}", "actor": null, "remote_addr": null, "timestamp": "2018-12-14T06:55:43.856Z", "additional_data": null}}, {"model": "auditlog.logentry", "pk": 3, "fields": {"content_type": 47, "object_pk": "2", "object_id": 2, "object_repr": "BodgeIT Store", "action": 0, "changes": "{\"product\": [\"None\", \"dojo.Cred_Mapping.None\"], \"prod_manager\": [\"None\", \"0\"], \"name\": [\"None\", \"BodgeIT Store\"], \"internet_accessible\": [\"None\", \"False\"], \"manager\": [\"None\", \"0\"], \"external_audience\": [\"None\", \"False\"], \"tech_contact\": [\"None\", \"0\"], \"tid\": [\"None\", \"0\"], \"prod_type\": [\"None\", \"Research and Development\"], \"id\": [\"None\", \"2\"], \"description\": [\"None\", \"BodgeIT Store, see https://github.com/psiinon/bodgeit\"]}", "actor": null, "remote_addr": null, "timestamp": "2018-12-14T06:56:31.100Z", "additional_data": null}}, {"model": "dojo.regulation", "pk": 1, "fields": {"name": "Payment Card Industry Data Security Standard", "acronym": "PCI DSS", "category": "finance", "jurisdiction": "United States", "description": "The Payment Card Industry Data Security Standard (PCI DSS) is a proprietary information security standard for organizations that handle branded credit cards from the major card schemes including Visa, MasterCard, American Express, Discover, and JCB.", "reference": "http://en.wikipedia.org/wiki/Payment_Card_Industry_Data_Security_Standard"}}, {"model": "dojo.regulation", "pk": 2, "fields": {"name": "Health Insurance Portability and Accountability Act", "acronym": "HIPAA", "category": "medical", "jurisdiction": "United States", "description": "The Health Insurance Portability and Accountability Act of 1996 (HIPAA) was enacted by the United States Congress and signed by President Bill Clinton in 1996. It has been known as the Kennedy\u2013Kassebaum Act or Kassebaum-Kennedy Act after two of its leading sponsors. Title I of HIPAA protects health insurance coverage for workers and their families when they change or lose their jobs. Title II of HIPAA, known as the Administrative Simplification (AS) provisions, requires the establishment of national standards for electronic health care transactions and national identifiers for providers, health insurance plans, and employers.", "reference": "http://en.wikipedia.org/wiki/Health_Insurance_Portability_and_Accountability_Act"}}, {"model": "dojo.regulation", "pk": 3, "fields": {"name": "Family Educational Rights and Privacy Act", "acronym": "FERPA", "category": "education", "jurisdiction": "United States", "description": "The Family Educational Rights and Privacy Act of 1974 (FERPA) is a United States federal law that gives parents access to their child's education records, an opportunity to seek to have the records amended, and some control over the disclosure of information from the records. With several exceptions, schools must have a student's consent prior to the disclosure of education records after that student is 18 years old. The law applies only to educational agencies and institutions that receive funding under a program administered by the U.S. Department of Education. Other regulations under this act, effective starting January 3, 2012, allow for greater disclosures of personal and directory student identifying information and regulate student IDs and e-mail addresses.", "reference": "http://en.wikipedia.org/wiki/Family_Educational_Rights_and_Privacy_Act"}}, {"model": "dojo.regulation", "pk": 4, "fields": {"name": "Sarbanes\u2013Oxley Act", "acronym": "SOX", "category": "finance", "jurisdiction": "United States", "description": "The Sarbanes\u2013Oxley Act of 2002 (SOX) is a United States federal law that set new or enhanced standards for all U.S. public company boards, management and public accounting firms. There are also a number of provisions of the Act that also apply to privately held companies, for example the willful destruction of evidence to impede a Federal investigation.", "reference": "http://en.wikipedia.org/wiki/Sarbanes%E2%80%93Oxley_Act"}}, {"model": "dojo.regulation", "pk": 5, "fields": {"name": "Gramm\u2013Leach\u2013Bliley Act", "acronym": "GLBA", "category": "finance", "jurisdiction": "United States", "description": "The Gramm\u2013Leach\u2013Bliley Act (GLBA) is an act of the 106th United States Congress. It repealed part of the Glass\u2013Steagall Act of 1933, removing barriers in the market among banking companies, securities companies and insurance companies that prohibited any one institution from acting as any combination of an investment bank, a commercial bank, and an insurance company. With the bipartisan passage of the Gramm\u2013Leach\u2013Bliley Act, commercial banks, investment banks, securities firms, and insurance companies were allowed to consolidate. Furthermore, it failed to give to the SEC or any other financial regulatory agency the authority to regulate large investment bank holding companies.", "reference": "http://en.wikipedia.org/wiki/Gramm%E2%80%93Leach%E2%80%93Bliley_Act"}}, {"model": "dojo.regulation", "pk": 6, "fields": {"name": "Personal Information Protection and Electronic Documents Act", "acronym": "PIPEDA", "category": "privacy", "jurisdiction": "Canada", "description": "The Personal Information Protection and Electronic Documents Act (PIPEDA) is a Canadian law relating to data privacy. It governs how private sector organizations collect, use and disclose personal information in the course of commercial business. In addition, the Act contains various provisions to facilitate the use of electronic documents. PIPEDA became law on 13 April 2000 to promote consumer trust in electronic commerce. The act was also intended to reassure the European Union that the Canadian privacy law was adequate to protect the personal information of European citizens.", "reference": "http://en.wikipedia.org/wiki/Personal_Information_Protection_and_Electronic_Documents_Act"}}, {"model": "dojo.regulation", "pk": 7, "fields": {"name": "Data Protection Act 1998", "acronym": "DPA", "category": "privacy", "jurisdiction": "United Kingdom", "description": "The Data Protection Act 1998 (DPA) is an Act of Parliament of the United Kingdom of Great Britain and Northern Ireland which defines UK law on the processing of data on identifiable living people. It is the main piece of legislation that governs the protection of personal data in the UK. Although the Act itself does not mention privacy, it was enacted to bring British law into line with the EU data protection directive of 1995 which required Member States to protect people's fundamental rights and freedoms and in particular their right to privacy with respect to the processing of personal data. In practice it provides a way for individuals to control information about themselves. Most of the Act does not apply to domestic use, for example keeping a personal address book. Anyone holding personal data for other purposes is legally obliged to comply with this Act, subject to some exemptions. The Act defines eight data protection principles. It also requires companies and individuals to keep personal information to themselves.", "reference": "http://en.wikipedia.org/wiki/Data_Protection_Act_1998"}}, {"model": "dojo.regulation", "pk": 8, "fields": {"name": "Children's Online Privacy Protection Act", "acronym": "COPPA", "category": "privacy", "jurisdiction": "United States", "description": "The Children's Online Privacy Protection Act of 1998 (COPPA) is a United States federal law that applies to the online collection of personal information by persons or entities under U.S. jurisdiction from children under 13 years of age. It details what a website operator must include in a privacy policy, when and how to seek verifiable consent from a parent or guardian, and what responsibilities an operator has to protect children's privacy and safety online including restrictions on the marketing to those under 13. While children under 13 can legally give out personal information with their parents' permission, many websites disallow underage children from using their services altogether due to the amount of cash and work involved in the law compliance.", "reference": "http://en.wikipedia.org/wiki/Children%27s_Online_Privacy_Protection_Act"}}, {"model": "dojo.regulation", "pk": 9, "fields": {"name": "California Security Breach Information Act", "acronym": "CA SB-1386", "category": "privacy", "jurisdiction": "United States, California", "description": "In the United States, the California Security Breach Information Act (SB-1386) is a California state law requiring organizations that maintain personal information about individuals to inform those individuals if the security of their information is compromised. The Act stipulates that if there's a security breach of a database containing personal data, the responsible organization must notify each individual for whom it maintained information. The Act, which went into effect July 1, 2003, was created to help stem the increasing incidence of identity theft.", "reference": "http://en.wikipedia.org/wiki/California_S.B._1386"}}, {"model": "dojo.regulation", "pk": 10, "fields": {"name": "California Online Privacy Protection Act", "acronym": "OPPA", "category": "privacy", "jurisdiction": "United States, California", "description": "The California Online Privacy Protection Act of 2003 (OPPA), effective as of July 1, 2004, is a California State Law. According to this law, operators of commercial websites that collect Personally identifiable information from California's residents are required to conspicuously post and comply with a privacy policy that meets certain requirements.", "reference": "http://en.wikipedia.org/wiki/Online_Privacy_Protection_Act"}}, {"model": "dojo.regulation", "pk": 11, "fields": {"name": "Data Protection Directive", "acronym": "Directive 95/46/EC", "category": "privacy", "jurisdiction": "European Union", "description": "The Data Protection Directive (officially Directive 95/46/EC on the protection of individuals with regard to the processing of personal data and on the free movement of such data) is a European Union directive adopted in 1995 which regulates the processing of personal data within the European Union. It is an important component of EU privacy and human rights law.", "reference": "http://en.wikipedia.org/wiki/Data_Protection_Directive"}}, {"model": "dojo.regulation", "pk": 12, "fields": {"name": "Directive on Privacy and Electronic Communications", "acronym": "Directive 2002/58/EC", "category": "privacy", "jurisdiction": "European Union", "description": "Directive 2002/58 on Privacy and Electronic Communications, otherwise known as E-Privacy Directive, is an EU directive on data protection and privacy in the digital age. It presents a continuation of earlier efforts, most directly the Data Protection Directive. It deals with the regulation of a number of important issues such as confidentiality of information, treatment of traffic data, spam and cookies. This Directive has been amended by Directive 2009/136, which introduces several changes, especially in what concerns cookies, that are now subject to prior consent.", "reference": "http://en.wikipedia.org/wiki/Directive_on_Privacy_and_Electronic_Communications"}}, {"model": "dojo.regulation", "pk": 13, "fields": {"name": "General Data Protection Regulation", "acronym": "GDPR", "category": "privacy", "jurisdiction": "EU & EU Data Extra-Territorial Applicability", "description": "The General Data Protection Regulation (GDPR) (EU) 2016/679 is a regulation in EU law on data protection and privacy for all individuals within the European Union (EU) and the European Economic Area (EEA). It also addresses the export of personal data outside the EU and EEA. The GDPR aims primarily to give control to citizens and residents over their personal data and to simplify the regulatory environment for international business by unifying the regulation within the EU.\r\n\r\nSuperseding the Data Protection Directive 95/46/EC, the regulation contains provisions and requirements pertaining to the processing of personally identifiable information of data subjects inside the European Union, and applies to all enterprises, regardless of location, that are doing business with the European Economic Area. Business processes that handle personal data must be built with data protection by design and by default, meaning that personal data must be stored using pseudonymisation or full anonymisation, and use the highest-possible privacy settings by default, so that the data is not available publicly without explicit consent, and cannot be used to identify a subject without additional information stored separately. No personal data may be processed unless it is done under a lawful basis specified by the regulation, or if the data controller or processor has received explicit, opt-in consent from the data's owner. The data owner has the right to revoke this permission at any time.", "reference": "https://www.eugdpr.org/"}}, {"model": "dojo.system_settings", "pk": 1, "fields": {"enable_deduplication": true, "delete_dupulicates": false, "max_dupes": null, "enable_jira": false, "jira_minimum_severity": null, "jira_labels": null, "enable_slack_notifications": false, "slack_channel": "", "slack_token": "", "slack_username": "", "enable_hipchat_notifications": false, "hipchat_site": "", "hipchat_channel": "", "hipchat_token": "", "enable_mail_notifications": false, "mail_notifications_from": "from@example.com", "mail_notifications_to": "", "s_finding_severity_naming": false, "false_positive_history": false, "url_prefix": "", "team_name": "", "time_zone": "UTC", "display_endpoint_uri": false, "enable_product_grade": false, "product_grade": "def grade_product(crit, high, med, low):\r\n    health=100\r\n    if crit > 0:\r\n        health = 40\r\n        health = health - ((crit - 1) * 5)\r\n    if high > 0:\r\n        if health == 100:\r\n            health = 60\r\n        health = health - ((high - 1) * 3)\r\n    if med > 0:\r\n        if health == 100:\r\n            health = 80\r\n        health = health - ((med - 1) * 2)\r\n    if low > 0:\r\n        if health == 100:\r\n            health = 95\r\n        health = health - low\r\n\r\n    if health < 5:\r\n        health = 5\r\n\r\n    return health", "product_grade_a": 90, "product_grade_b": 80, "product_grade_c": 70, "product_grade_d": 60, "product_grade_f": 59, "enable_benchmark": true, "enable_template_match": false, "engagement_auto_close": false, "engagement_auto_close_days": 3, "enable_finding_sla": true, "sla_critical": 7, "sla_high": 30, "sla_medium": 90, "sla_low": 120}}, {"model": "dojo.usercontactinfo", "pk": 1, "fields": {"user": 1, "title": null, "phone_number": "", "cell_number": "", "twitter_username": null, "github_username": null, "slack_username": null, "slack_user_id": null, "hipchat_username": null, "block_execution": true}}, {"model": "dojo.product_type", "pk": 1, "fields": {"name": "Research and Development", "critical_product": false, "key_product": false, "updated": null, "created": null}}, {"model": "dojo.test_type", "pk": 1, "fields": {"name": "API Test", "static_tool": false, "dynamic_tool": false}}, {"model": "dojo.test_type", "pk": 2, "fields": {"name": "Static Check", "static_tool": false, "dynamic_tool": false}}, {"model": "dojo.test_type", "pk": 3, "fields": {"name": "Pen Test", "static_tool": false, "dynamic_tool": false}}, {"model": "dojo.test_type", "pk": 4, "fields": {"name": "Nessus Scan", "static_tool": false, "dynamic_tool": false}}, {"model": "dojo.test_type", "pk": 5, "fields": {"name": "Web Application Test", "static_tool": false, "dynamic_tool": false}}, {"model": "dojo.test_type", "pk": 6, "fields": {"name": "Security Research", "static_tool": false, "dynamic_tool": false}}, {"model": "dojo.test_type", "pk": 7, "fields": {"name": "Threat Modeling", "static_tool": false, "dynamic_tool": false}}, {"model": "dojo.test_type", "pk": 8, "fields": {"name": "Veracode Scan", "static_tool": false, "dynamic_tool": false}}, {"model": "dojo.test_type", "pk": 9, "fields": {"name": "Burp Scan", "static_tool": false, "dynamic_tool": false}}, {"model": "dojo.test_type", "pk": 10, "fields": {"name": "Nexpose Scan", "static_tool": false, "dynamic_tool": false}}, {"model": "dojo.test_type", "pk": 11, "fields": {"name": "ZAP Scan", "static_tool": false, "dynamic_tool": false}}, {"model": "dojo.test_type", "pk": 12, "fields": {"name": "Checkmarx Scan", "static_tool": false, "dynamic_tool": false}}, {"model": "dojo.test_type", "pk": 13, "fields": {"name": "OpenVAS CSV", "static_tool": false, "dynamic_tool": false}}, {"model": "dojo.test_type", "pk": 14, "fields": {"name": "Bandit Scan", "static_tool": false, "dynamic_tool": false}}, {"model": "dojo.test_type", "pk": 15, "fields": {"name": "SSL Labs Scan", "static_tool": false, "dynamic_tool": false}}, {"model": "dojo.test_type", "pk": 16, "fields": {"name": "AppSpider Scan", "static_tool": false, "dynamic_tool": false}}, {"model": "dojo.test_type", "pk": 17, "fields": {"name": "Dependency Check Scan", "static_tool": false, "dynamic_tool": false}}, {"model": "dojo.test_type", "pk": 18, "fields": {"name": "Generic Findings Import", "static_tool": false, "dynamic_tool": false}}, {"model": "dojo.test_type", "pk": 19, "fields": {"name": "Nmap Scan", "static_tool": false, "dynamic_tool": false}}, {"model": "dojo.test_type", "pk": 20, "fields": {"name": "Node Security Platform Scan", "static_tool": false, "dynamic_tool": false}}, {"model": "dojo.test_type", "pk": 21, "fields": {"name": "Qualys Scan", "static_tool": false, "dynamic_tool": false}}, {"model": "dojo.test_type", "pk": 22, "fields": {"name": "Qualys Web App Scan", "static_tool": false, "dynamic_tool": false}}, {"model": "dojo.test_type", "pk": 23, "fields": {"name": "Retire.js Scan", "static_tool": false, "dynamic_tool": false}}, {"model": "dojo.test_type", "pk": 24, "fields": {"name": "SKF Scan", "static_tool": false, "dynamic_tool": false}}, {"model": "dojo.test_type", "pk": 25, "fields": {"name": "Snyk Scan", "static_tool": false, "dynamic_tool": false}}, {"model": "dojo.test_type", "pk": 27, "fields": {"name": "Trustwave", "static_tool": false, "dynamic_tool": false}}, {"model": "dojo.test_type", "pk": 28, "fields": {"name": "Gosec Scanner", "static_tool": false, "dynamic_tool": false}}, {"model": "dojo.test_type", "pk": 29, "fields": {"name": "Manual Code Review", "static_tool": false, "dynamic_tool": false}}, {"model": "dojo.product", "pk": 1, "fields": {"name": "Juice Shop", "description": "Juice Shop, see https://github.com/bkimminich/juice-shop", "prod_manager": "0", "tech_contact": "0", "manager": "0", "product_manager": null, "technical_contact": null, "team_manager": null, "created": null, "prod_type": 1, "updated": null, "tid": 0, "prod_numeric_grade": null, "business_criticality": null, "platform": null, "lifecycle": null, "origin": null, "user_records": null, "revenue": null, "external_audience": false, "internet_accessible": false, "authorized_users": [], "regulations": []}}, {"model": "dojo.product", "pk": 2, "fields": {"name": "BodgeIT Store", "description": "BodgeIT Store, see https://github.com/psiinon/bodgeit", "prod_manager": "0", "tech_contact": "0", "manager": "0", "product_manager": null, "technical_contact": null, "team_manager": null, "created": null, "prod_type": 1, "updated": null, "tid": 0, "prod_numeric_grade": null, "business_criticality": null, "platform": null, "lifecycle": null, "origin": null, "user_records": null, "revenue": null, "external_audience": false, "internet_accessible": false, "authorized_users": [], "regulations": []}}, {"model": "dojo.development_environment", "pk": 1, "fields": {"name": "Development"}}, {"model": "dojo.development_environment", "pk": 2, "fields": {"name": "Staging"}}, {"model": "dojo.development_environment", "pk": 3, "fields": {"name": "Production"}}, {"model": "dojo.development_environment", "pk": 4, "fields": {"name": "Test"}}, {"model": "dojo.development_environment", "pk": 5, "fields": {"name": "Pre-prod"}}, {"model": "dojo.development_environment", "pk": 6, "fields": {"name": "Lab"}}, {"model": "dojo.alerts", "pk": 1, "fields": {"title": "Juice Shop", "description": "\n\n\n    \n", "url": "http://localhost/product/1", "source": "Product Added", "icon": "info-circle", "user_id": null, "created": "2018-12-14T06:55:43.881Z"}}, {"model": "dojo.alerts", "pk": 2, "fields": {"title": "Juice Shop", "description": "\n\n\n    \n", "url": "http://localhost/product/1", "source": "Product Added", "icon": "info-circle", "user_id": 1, "created": "2018-12-14T06:55:43.891Z"}}, {"model": "dojo.alerts", "pk": 3, "fields": {"title": "BodgeIT Store", "description": "\n\n\n    \n", "url": "http://localhost/product/2", "source": "Product Added", "icon": "info-circle", "user_id": null, "created": "2018-12-14T06:56:31.116Z"}}, {"model": "dojo.alerts", "pk": 4, "fields": {"title": "BodgeIT Store", "description": "\n\n\n    \n", "url": "http://localhost/product/2", "source": "Product Added", "icon": "info-circle", "user_id": 1, "created": "2018-12-14T06:56:31.128Z"}}, {"model": "dojo.language_type", "pk": 1, "fields": {"language": "ActionScript", "color": "#F2D7D5"}}, {"model": "dojo.language_type", "pk": 2, "fields": {"language": "Python", "color": "#006400"}}, {"model": "dojo.language_type", "pk": 3, "fields": {"language": "Ruby", "color": "#cd5c5c"}}, {"model": "dojo.language_type", "pk": 4, "fields": {"language": "ABAP", "color": "#F9EBEA"}}, {"model": "dojo.language_type", "pk": 5, "fields": {"language": "Ada", "color": "#E6B0AA"}}, {"model": "dojo.language_type", "pk": 6, "fields": {"language": "ADSO/IDSM", "color": "#D98880"}}, {"model": "dojo.language_type", "pk": 7, "fields": {"language": "Agda", "color": "#CD6155"}}, {"model": "dojo.language_type", "pk": 8, "fields": {"language": "AMPLE", "color": "#C0392B"}}, {"model": "dojo.language_type", "pk": 9, "fields": {"language": "Ant", "color": "#A93226"}}, {"model": "dojo.language_type", "pk": 10, "fields": {"language": "ANTLR Grammar", "color": "#641E16"}}, {"model": "dojo.language_type", "pk": 11, "fields": {"language": "Apex Trigger", "color": "#FDEDEC"}}, {"model": "dojo.language_type", "pk": 12, "fields": {"language": "Arduino Sketch", "color": "#FADBD8"}}, {"model": "dojo.language_type", "pk": 13, "fields": {"language": "AsciiDoc", "color": "#F1948A"}}, {"model": "dojo.language_type", "pk": 14, "fields": {"language": "ASP", "color": "#E74C3C"}}, {"model": "dojo.language_type", "pk": 15, "fields": {"language": "ASP.NET", "color": "#CB4335"}}, {"model": "dojo.language_type", "pk": 16, "fields": {"language": "AspectJ", "color": "#943126"}}, {"model": "dojo.language_type", "pk": 17, "fields": {"language": "Assembly", "color": "#78281F"}}, {"model": "dojo.language_type", "pk": 18, "fields": {"language": "AutoHotkey", "color": "#F5EEF8"}}, {"model": "dojo.language_type", "pk": 19, "fields": {"language": "awk", "color": "#EBDEF0"}}, {"model": "dojo.language_type", "pk": 20, "fields": {"language": "Blade", "color": "#D7BDE2"}}, {"model": "dojo.language_type", "pk": 21, "fields": {"language": "Bourne Again Shell", "color": "#C39BD3"}}, {"model": "dojo.language_type", "pk": 22, "fields": {"language": "Bourne Shell", "color": "#AF7AC5"}}, {"model": "dojo.language_type", "pk": 23, "fields": {"language": "BrightScript", "color": "#884EA0"}}, {"model": "dojo.language_type", "pk": 24, "fields": {"language": "C", "color": "#6C3483"}}, {"model": "dojo.language_type", "pk": 25, "fields": {"language": "C Shell", "color": "#5B2C6F"}}, {"model": "dojo.language_type", "pk": 26, "fields": {"language": "C#", "color": "#4A235A"}}, {"model": "dojo.language_type", "pk": 27, "fields": {"language": "C++", "color": "#F4ECF7"}}, {"model": "dojo.language_type", "pk": 28, "fields": {"language": "C/C++ Header", "color": "#E8DAEF"}}, {"model": "dojo.language_type", "pk": 29, "fields": {"language": "CCS", "color": "#D2B4DE"}}, {"model": "dojo.language_type", "pk": 30, "fields": {"language": "Chapel", "color": "#BB8FCE"}}, {"model": "dojo.language_type", "pk": 31, "fields": {"language": "Clean", "color": "#8E44AD"}}, {"model": "dojo.language_type", "pk": 32, "fields": {"language": "Clojure", "color": "#7D3C98"}}, {"model": "dojo.language_type", "pk": 33, "fields": {"language": "ClojureC", "color": "#7D3C98"}}, {"model": "dojo.language_type", "pk": 34, "fields": {"language": "ClojureScript", "color": "#5B2C6F"}}, {"model": "dojo.language_type", "pk": 35, "fields": {"language": "CMake", "color": "#4A235A"}}, {"model": "dojo.language_type", "pk": 36, "fields": {"language": "COBOL", "color": "#EAF2F8"}}, {"model": "dojo.language_type", "pk": 37, "fields": {"language": "CoffeeScript", "color": "#D4E6F1"}}, {"model": "dojo.language_type", "pk": 38, "fields": {"language": "ColdFusion", "color": "#D6EAF8"}}, {"model": "dojo.language_type", "pk": 39, "fields": {"language": "ColdFusion CFScript", "color": "#A9CCE3"}}, {"model": "dojo.language_type", "pk": 40, "fields": {"language": "Coq", "color": "#7FB3D5"}}, {"model": "dojo.language_type", "pk": 41, "fields": {"language": "Crystal", "color": "#5499C7"}}, {"model": "dojo.language_type", "pk": 42, "fields": {"language": "CSON", "color": "#1A5276"}}, {"model": "dojo.language_type", "pk": 43, "fields": {"language": "CSS", "color": "#EBF5FB"}}, {"model": "dojo.language_type", "pk": 44, "fields": {"language": "Cucumber", "color": "#D4E6F1"}}, {"model": "dojo.language_type", "pk": 45, "fields": {"language": "CUDA", "color": "#7FB3D5"}}, {"model": "dojo.language_type", "pk": 46, "fields": {"language": "Cython", "color": "#5499C7"}}, {"model": "dojo.language_type", "pk": 47, "fields": {"language": "D", "color": "#2980B9"}}, {"model": "dojo.language_type", "pk": 48, "fields": {"language": "DAL", "color": "#2471A3"}}, {"model": "dojo.language_type", "pk": 49, "fields": {"language": "Dart", "color": "#1A5276"}}, {"model": "dojo.language_type", "pk": 50, "fields": {"language": "diff", "color": "#154360"}}, {"model": "dojo.language_type", "pk": 51, "fields": {"language": "DITA", "color": "#EBF5FB"}}, {"model": "dojo.language_type", "pk": 52, "fields": {"language": "DOS Batch", "color": "#AED6F1"}}, {"model": "dojo.language_type", "pk": 53, "fields": {"language": "Drools", "color": "#85C1E9"}}, {"model": "dojo.language_type", "pk": 54, "fields": {"language": "DTD", "color": "#5DADE2"}}, {"model": "dojo.language_type", "pk": 55, "fields": {"language": "dtrace", "color": "#2980B9"}}, {"model": "dojo.language_type", "pk": 56, "fields": {"language": "ECPP", "color": "#2471A3"}}, {"model": "dojo.language_type", "pk": 57, "fields": {"language": "EEx", "color": "#1F618D"}}, {"model": "dojo.language_type", "pk": 58, "fields": {"language": "Elixir", "color": "#154360"}}, {"model": "dojo.language_type", "pk": 59, "fields": {"language": "Elm", "color": "#EBF5FB"}}, {"model": "dojo.language_type", "pk": 60, "fields": {"language": "ERB", "color": "#D6EAF8"}}, {"model": "dojo.language_type", "pk": 61, "fields": {"language": "Erlang", "color": "#AED6F1"}}, {"model": "dojo.language_type", "pk": 62, "fields": {"language": "Expect", "color": "#85C1E9"}}, {"model": "dojo.language_type", "pk": 63, "fields": {"language": "F#", "color": "#5DADE2"}}, {"model": "dojo.language_type", "pk": 64, "fields": {"language": "F# Script", "color": "#3498DB"}}, {"model": "dojo.language_type", "pk": 65, "fields": {"language": "Fish Shell", "color": "#2E86C1"}}, {"model": "dojo.language_type", "pk": 66, "fields": {"language": "Focus", "color": "#2874A6"}}, {"model": "dojo.language_type", "pk": 67, "fields": {"language": "Forth", "color": "#1B4F72"}}, {"model": "dojo.language_type", "pk": 68, "fields": {"language": "Fortran 77", "color": "#E8F8F5"}}, {"model": "dojo.language_type", "pk": 69, "fields": {"language": "Fortran 90", "color": "#D1F2EB"}}, {"model": "dojo.language_type", "pk": 70, "fields": {"language": "Freemarker Template", "color": "#"}}, {"model": "dojo.language_type", "pk": 71, "fields": {"language": "GDScript", "color": "#A3E4D7"}}, {"model": "dojo.language_type", "pk": 72, "fields": {"language": "Gencat NLS", "color": "#76D7C4"}}, {"model": "dojo.language_type", "pk": 73, "fields": {"language": "Glade", "color": "#48C9B0"}}, {"model": "dojo.language_type", "pk": 74, "fields": {"language": "GLSL", "color": "#1ABC9C"}}, {"model": "dojo.language_type", "pk": 75, "fields": {"language": "Go", "color": "#17A589"}}, {"model": "dojo.language_type", "pk": 76, "fields": {"language": "Grails", "color": "#148F77"}}, {"model": "dojo.language_type", "pk": 77, "fields": {"language": "GraphQL", "color": "#117864"}}, {"model": "dojo.language_type", "pk": 78, "fields": {"language": "Groovy", "color": "#0E6251"}}, {"model": "dojo.language_type", "pk": 79, "fields": {"language": "Haml", "color": "#E8F6F3"}}, {"model": "dojo.language_type", "pk": 80, "fields": {"language": "Handlebars", "color": "#A3E4D7"}}, {"model": "dojo.language_type", "pk": 81, "fields": {"language": "Harbour", "color": "#76D7C4"}}, {"model": "dojo.language_type", "pk": 82, "fields": {"language": "Haskell", "color": "#48C9B0"}}, {"model": "dojo.language_type", "pk": 83, "fields": {"language": "Haxe", "color": "#1ABC9C"}}, {"model": "dojo.language_type", "pk": 84, "fields": {"language": "HCL", "color": "#17A589"}}, {"model": "dojo.language_type", "pk": 85, "fields": {"language": "HLSL", "color": "#148F77"}}, {"model": "dojo.language_type", "pk": 86, "fields": {"language": "HTML", "color": "#117864"}}, {"model": "dojo.language_type", "pk": 87, "fields": {"language": "IDL", "color": "#0E6251"}}, {"model": "dojo.language_type", "pk": 88, "fields": {"language": "Idris", "color": "#0B5345"}}, {"model": "dojo.language_type", "pk": 89, "fields": {"language": "InstallShield", "color": "#D4EFDF"}}, {"model": "dojo.language_type", "pk": 90, "fields": {"language": "Java", "color": "#A9DFBF"}}, {"model": "dojo.language_type", "pk": 91, "fields": {"language": "JavaScript", "color": "#7DCEA0"}}, {"model": "dojo.language_type", "pk": 92, "fields": {"language": "JavaServer Faces", "color": "#52BE80"}}, {"model": "dojo.language_type", "pk": 93, "fields": {"language": "JCL", "color": "#27AE60"}}, {"model": "dojo.language_type", "pk": 94, "fields": {"language": "JSON", "color": "#229954"}}, {"model": "dojo.language_type", "pk": 95, "fields": {"language": "JSP", "color": "#1E8449"}}, {"model": "dojo.language_type", "pk": 97, "fields": {"language": "JSX", "color": "#196F3D"}}, {"model": "dojo.language_type", "pk": 98, "fields": {"language": "Julia", "color": "#0B5345"}}, {"model": "dojo.language_type", "pk": 99, "fields": {"language": "Kermit", "color": "#800000"}}, {"model": "dojo.language_type", "pk": 100, "fields": {"language": "Korn Shell", "color": "#A52A2A"}}, {"model": "dojo.language_type", "pk": 101, "fields": {"language": "Kotlin", "color": "#A0522D"}}, {"model": "dojo.language_type", "pk": 102, "fields": {"language": "Lean", "color": "#8B4513"}}, {"model": "dojo.language_type", "pk": 103, "fields": {"language": "LESS", "color": "#D2691E"}}, {"model": "dojo.language_type", "pk": 104, "fields": {"language": "lex", "color": "#CD853F"}}, {"model": "dojo.language_type", "pk": 105, "fields": {"language": "LFE", "color": "#DAA520"}}, {"model": "dojo.language_type", "pk": 106, "fields": {"language": "liquid", "color": "#F4A460"}}, {"model": "dojo.language_type", "pk": 107, "fields": {"language": "Lisp", "color": "#BC8F8F"}}, {"model": "dojo.language_type", "pk": 108, "fields": {"language": "Literate Idris", "color": "#D2B48C"}}, {"model": "dojo.language_type", "pk": 109, "fields": {"language": "LiveLink OScript", "color": "#DEB887"}}, {"model": "dojo.language_type", "pk": 110, "fields": {"language": "Logtalk", "color": "#F5DEB3"}}, {"model": "dojo.language_type", "pk": 111, "fields": {"language": "Lua", "color": "#FFDEAD"}}, {"model": "dojo.language_type", "pk": 112, "fields": {"language": "m4", "color": "#FFE4C4"}}, {"model": "dojo.language_type", "pk": 113, "fields": {"language": "make", "color": "#FFEBCD"}}, {"model": "dojo.language_type", "pk": 114, "fields": {"language": "Mako", "color": "#FFF8DC"}}, {"model": "dojo.language_type", "pk": 115, "fields": {"language": "Markdown", "color": "#2F4F4F"}}, {"model": "dojo.language_type", "pk": 116, "fields": {"language": "Mathematica", "color": "#708090"}}, {"model": "dojo.language_type", "pk": 117, "fields": {"language": "MATLAB", "color": "#778899"}}, {"model": "dojo.language_type", "pk": 118, "fields": {"language": "Maven", "color": "#696969"}}, {"model": "dojo.language_type", "pk": 119, "fields": {"language": "Modula3", "color": "#808080"}}, {"model": "dojo.language_type", "pk": 120, "fields": {"language": "MSBuild script", "color": "#A9A9A9"}}, {"model": "dojo.language_type", "pk": 121, "fields": {"language": "MUMPS", "color": "#FFE4E1"}}, {"model": "dojo.language_type", "pk": 122, "fields": {"language": "Mustache", "color": "#FFF0F5"}}, {"model": "dojo.language_type", "pk": 123, "fields": {"language": "MXML", "color": "#FAEBD7"}}, {"model": "dojo.language_type", "pk": 124, "fields": {"language": "NAnt script", "color": "#FFFFF0"}}, {"model": "dojo.language_type", "pk": 125, "fields": {"language": "NASTRAN DMAP", "color": "#FFFAF0"}}, {"model": "dojo.language_type", "pk": 126, "fields": {"language": "Nemerle", "color": "#FDF5E6"}}, {"model": "dojo.language_type", "pk": 127, "fields": {"language": "Nim", "color": "#F5F5DC"}}, {"model": "dojo.language_type", "pk": 128, "fields": {"language": "Objective C", "color": "#cc00cc"}}, {"model": "dojo.language_type", "pk": 129, "fields": {"language": "Objective C++", "color": "#ff9966"}}, {"model": "dojo.language_type", "pk": 130, "fields": {"language": "OCaml", "color": "#F8F8FF"}}, {"model": "dojo.language_type", "pk": 131, "fields": {"language": "OpenCL", "color": "#F0F8FF"}}, {"model": "dojo.language_type", "pk": 132, "fields": {"language": "Oracle Forms", "color": "#F0FFFF"}}, {"model": "dojo.language_type", "pk": 133, "fields": {"language": "Oracle PL/SQL", "color": "#F5FFFA"}}, {"model": "dojo.language_type", "pk": 134, "fields": {"language": "Oracle Reports", "color": "#F0FFF0"}}, {"model": "dojo.language_type", "pk": 135, "fields": {"language": "Pascal", "color": "#FFFAFA"}}, {"model": "dojo.language_type", "pk": 136, "fields": {"language": "Pascal/Puppet", "color": "#C71585"}}, {"model": "dojo.language_type", "pk": 137, "fields": {"language": "Patran Command Language", "color": "#DB7093"}}, {"model": "dojo.language_type", "pk": 138, "fields": {"language": "Perl", "color": "#FF1493"}}, {"model": "dojo.language_type", "pk": 139, "fields": {"language": "PHP", "color": "#FF69B4"}}, {"model": "dojo.language_type", "pk": 140, "fields": {"language": "PHP/Pascal", "color": "#FFB6C1"}}, {"model": "dojo.language_type", "pk": 141, "fields": {"language": "PL/I", "color": "#FFC0CB"}}, {"model": "dojo.language_type", "pk": 143, "fields": {"language": "PL/M", "color": "#4B0082"}}, {"model": "dojo.language_type", "pk": 144, "fields": {"language": "PowerBuilder", "color": "#800080"}}, {"model": "dojo.language_type", "pk": 145, "fields": {"language": "PowerShell", "color": "#8B008B"}}, {"model": "dojo.language_type", "pk": 146, "fields": {"language": "ProGuard", "color": "#9932CC"}}, {"model": "dojo.language_type", "pk": 147, "fields": {"language": "Prolog", "color": "#9400D3"}}, {"model": "dojo.language_type", "pk": 148, "fields": {"language": "Protocol Buffers", "color": "#8A2BE2"}}, {"model": "dojo.language_type", "pk": 149, "fields": {"language": "Pug", "color": "#9370DB"}}, {"model": "dojo.language_type", "pk": 150, "fields": {"language": "PureScript", "color": "#BA55D3"}}, {"model": "dojo.language_type", "pk": 151, "fields": {"language": "QML", "color": "#FF00FF"}}, {"model": "dojo.language_type", "pk": 152, "fields": {"language": "Qt", "color": "#FF00FF"}}, {"model": "dojo.language_type", "pk": 153, "fields": {"language": "Qt Linguist", "color": "#DA70D6"}}, {"model": "dojo.language_type", "pk": 154, "fields": {"language": "Qt Project", "color": "#EE82EE"}}, {"model": "dojo.language_type", "pk": 155, "fields": {"language": "R", "color": "#DDA0DD"}}, {"model": "dojo.language_type", "pk": 156, "fields": {"language": "Racket", "color": "#D8BFD8"}}, {"model": "dojo.language_type", "pk": 157, "fields": {"language": "RAML", "color": "#E6E6FA"}}, {"model": "dojo.language_type", "pk": 158, "fields": {"language": "RapydScript", "color": "#483D8B"}}, {"model": "dojo.language_type", "pk": 159, "fields": {"language": "Razor", "color": "#6A5ACD"}}, {"model": "dojo.language_type", "pk": 160, "fields": {"language": "Rexx", "color": "#7B68EE"}}, {"model": "dojo.language_type", "pk": 161, "fields": {"language": "RobotFramework", "color": "#191970"}}, {"model": "dojo.language_type", "pk": 162, "fields": {"language": "Ruby", "color": "#000080"}}, {"model": "dojo.language_type", "pk": 163, "fields": {"language": "Ruby HTML", "color": "#00008B"}}, {"model": "dojo.language_type", "pk": 164, "fields": {"language": "Rust", "color": "#0000CD"}}, {"model": "dojo.language_type", "pk": 165, "fields": {"language": "SAS", "color": "#0000FF"}}, {"model": "dojo.language_type", "pk": 166, "fields": {"language": "Sass", "color": "#4169E1"}}, {"model": "dojo.language_type", "pk": 167, "fields": {"language": "Scala", "color": "#4682B4"}}, {"model": "dojo.language_type", "pk": 168, "fields": {"language": "Scheme", "color": "#6495ED"}}, {"model": "dojo.language_type", "pk": 169, "fields": {"language": "sed", "color": "#1E90FF"}}, {"model": "dojo.language_type", "pk": 170, "fields": {"language": "SKILL", "color": "#B0C4DE"}}, {"model": "dojo.language_type", "pk": 171, "fields": {"language": "SKILL++", "color": "#00BFFF"}}, {"model": "dojo.language_type", "pk": 172, "fields": {"language": "Skylark", "color": "#87CEEB"}}, {"model": "dojo.language_type", "pk": 173, "fields": {"language": "Slice", "color": "#87CEFA"}}, {"model": "dojo.language_type", "pk": 174, "fields": {"language": "Slim", "color": "#ADD8E6"}}, {"model": "dojo.language_type", "pk": 175, "fields": {"language": "Smalltalk", "color": "#B0E0E6"}}, {"model": "dojo.language_type", "pk": 176, "fields": {"language": "Smarty", "color": "#008080"}}, {"model": "dojo.language_type", "pk": 177, "fields": {"language": "Softbridge Basic", "color": "#008B8B"}}, {"model": "dojo.language_type", "pk": 179, "fields": {"language": "Solidity", "color": "#5F9EA0"}}, {"model": "dojo.language_type", "pk": 180, "fields": {"language": "Specman e", "color": "#20B2AA"}}, {"model": "dojo.language_type", "pk": 181, "fields": {"language": "SQL", "color": "#00CED1"}}, {"model": "dojo.language_type", "pk": 182, "fields": {"language": "SQL Data", "color": "#48D1CC"}}, {"model": "dojo.language_type", "pk": 183, "fields": {"language": "SQL Stored Procedure", "color": "#40E0D0"}}, {"model": "dojo.language_type", "pk": 184, "fields": {"language": "Standard ML", "color": "#AFEEEE"}}, {"model": "dojo.language_type", "pk": 185, "fields": {"language": "Stata", "color": "#66CDAA"}}, {"model": "dojo.language_type", "pk": 186, "fields": {"language": "Stylus", "color": "#7FFFD4"}}, {"model": "dojo.language_type", "pk": 187, "fields": {"language": "Swift", "color": "#00FFFF"}}, {"model": "dojo.language_type", "pk": 188, "fields": {"language": "SWIG", "color": "#00FFFF"}}, {"model": "dojo.language_type", "pk": 189, "fields": {"language": "Tcl/Tk", "color": "#E0FFFF"}}, {"model": "dojo.language_type", "pk": 190, "fields": {"language": "Teamcenter met", "color": "#6B8E23"}}, {"model": "dojo.language_type", "pk": 191, "fields": {"language": "Teamcenter mth", "color": "#556B2F"}}, {"model": "dojo.language_type", "pk": 192, "fields": {"language": "TeX", "color": "#808000"}}, {"model": "dojo.language_type", "pk": 193, "fields": {"language": "TITAN Project File Information", "color": "#2E8B57"}}, {"model": "dojo.language_type", "pk": 194, "fields": {"language": "Titanium Style Sheet", "color": "#3CB371"}}, {"model": "dojo.language_type", "pk": 195, "fields": {"language": "TOML", "color": "#8FBC8F"}}, {"model": "dojo.language_type", "pk": 196, "fields": {"language": "TTCN", "color": "#00FA9A"}}, {"model": "dojo.language_type", "pk": 197, "fields": {"language": "Twig", "color": "#006400"}}, {"model": "dojo.language_type", "pk": 198, "fields": {"language": "TypeScript", "color": "#228B22"}}, {"model": "dojo.language_type", "pk": 199, "fields": {"language": "Unity-Prefab", "color": "#00FF00"}}, {"model": "dojo.language_type", "pk": 200, "fields": {"language": "Vala", "color": "#32CD32"}}, {"model": "dojo.language_type", "pk": 201, "fields": {"language": "Vala Header", "color": "#FFFF00"}}, {"model": "dojo.language_type", "pk": 202, "fields": {"language": "Velocity Template Language", "color": "#BDB76B"}}, {"model": "dojo.language_type", "pk": 203, "fields": {"language": "Verilog-SystemVerilog", "color": "#F0E68C"}}, {"model": "dojo.language_type", "pk": 204, "fields": {"language": "VHDL", "color": "#EEE8AA"}}, {"model": "dojo.language_type", "pk": 205, "fields": {"language": "vim script", "color": "#FFDAB9"}}, {"model": "dojo.language_type", "pk": 206, "fields": {"language": "Visual Basic", "color": "#FFE4B5"}}, {"model": "dojo.language_type", "pk": 207, "fields": {"language": "Visual Fox Pro", "color": "#FFEFD5"}}, {"model": "dojo.language_type", "pk": 208, "fields": {"language": "Visualforce Component", "color": "#FAFAD2"}}, {"model": "dojo.language_type", "pk": 209, "fields": {"language": "Visualforce Page", "color": "#FFFACD"}}, {"model": "dojo.language_type", "pk": 210, "fields": {"language": "Vuejs Component", "color": "#FFFFE0"}}, {"model": "dojo.language_type", "pk": 211, "fields": {"language": "Windows Message File", "color": "#FF8C00"}}, {"model": "dojo.language_type", "pk": 212, "fields": {"language": "Windows Module Definition", "color": "#FFA500"}}, {"model": "dojo.language_type", "pk": 213, "fields": {"language": "Windows Resource File", "color": "#FFD700"}}, {"model": "dojo.language_type", "pk": 214, "fields": {"language": "WiX include", "color": "#FF4500"}}, {"model": "dojo.language_type", "pk": 215, "fields": {"language": "WiX source", "color": "#FF6347"}}, {"model": "dojo.language_type", "pk": 216, "fields": {"language": "WiX string localization", "color": "#FF7F50"}}, {"model": "dojo.language_type", "pk": 217, "fields": {"language": "XAML", "color": "#8B0000"}}, {"model": "dojo.language_type", "pk": 218, "fields": {"language": "xBase", "color": "#FF0000"}}, {"model": "dojo.language_type", "pk": 219, "fields": {"language": "xBase Header", "color": "#B22222"}}, {"model": "dojo.language_type", "pk": 220, "fields": {"language": "XHTML", "color": "#DC143C"}}, {"model": "dojo.language_type", "pk": 221, "fields": {"language": "XMI", "color": "#CD5C5C"}}, {"model": "dojo.language_type", "pk": 222, "fields": {"language": "XML", "color": "#F08080"}}, {"model": "dojo.language_type", "pk": 223, "fields": {"language": "XQuery", "color": "#E9967A"}}, {"model": "dojo.language_type", "pk": 224, "fields": {"language": "XSD", "color": "#FA8072"}}, {"model": "dojo.language_type", "pk": 225, "fields": {"language": "XSLT", "color": "#FFA07A"}}, {"model": "dojo.language_type", "pk": 226, "fields": {"language": "yacc", "color": "#f0ffff"}}, {"model": "dojo.language_type", "pk": 227, "fields": {"language": "YAML", "color": "#c1cdcd"}}, {"model": "dojo.language_type", "pk": 228, "fields": {"language": "zsh", "color": "#8b7d6b"}}, {"model": "dojo.objects_review", "pk": 1, "fields": {"name": "Untracked", "created": "2018-03-16T15:21:36.057Z"}}, {"model": "dojo.objects_review", "pk": 2, "fields": {"name": "Manual Code Review Required", "created": "2018-03-17T14:21:58.541Z"}}, {"model": "dojo.objects_review", "pk": 3, "fields": {"name": "Manual Code Review and Create Test", "created": "2018-03-20T20:50:31.509Z"}}, {"model": "dojo.benchmark_type", "pk": 1, "fields": {"name": "OWASP ASVS", "version": "v. 3.1", "benchmark_source": "OWASP ASVS", "created": "2018-04-03T20:05:56.066Z", "updated": "2018-04-03T20:10:06.519Z", "enabled": true}}, {"model": "dojo.benchmark_category", "pk": 1, "fields": {"type": 1, "name": "V7: Cryptography Verification Requirements", "objective": "Ensure that a verified application satisfies the following high level requirements:\r\n\r\n* That all cryptographic modules fail in a secure manner and that errors are handled correctly.\r\n* That a suitable random number generator is used when randomness is required.\r\n* That access to keys is managed in a secure way.", "references": "* [OWASP Testing Guide 4.0: Testing for weak Cryptography](https://www.owasp.org/index.php/Testing_for_weak_Cryptography)\r\n* [OWASP Cheat Sheet: Cryptographic Storage](https://www.owasp.org/index.php/Cryptographic_Storage_Cheat_Sheet)", "enabled": true, "created": "2018-04-03T20:10:41.006Z", "updated": "2018-04-03T20:10:41.006Z"}}, {"model": "dojo.benchmark_category", "pk": 2, "fields": {"type": 1, "name": "V2: Authentication Verification Requirements", "objective": "Authentication is the act of establishing, or confirming, something (or someone) as authentic, that is, that claims made by or about the thing are true. Ensure that a verified application satisfies the following high level requirements:\r\n\r\nVerifies the digital identity of the sender of a communication. Ensures that only those authorised are able to authenticate and credentials are transported in a secure manner.", "references": "* https://www.owasp.org/index.php/Testing_for_authentication\r\n* https://www.owasp.org/index.php/Password_Storage_Cheat_Sheet\r\n* https://www.owasp.org/index.php/Forgot_Password_Cheat_Sheet\r\n* https://www.owasp.org/index.php/Choosing_and_Using_Security_Questions_Cheat_Sheet", "enabled": true, "created": "2018-04-09T20:12:01.803Z", "updated": "2018-04-09T20:12:01.803Z"}}, {"model": "dojo.benchmark_category", "pk": 3, "fields": {"type": 1, "name": "V1: Architecture, Design and Threat Modeling Requirements", "objective": "In a perfect world, security would be considered throughout all phases of development. In reality however, security is often only a consideration at a late stage in the SDLC. Besides the technical controls, the ASVS requires processes to be in place that ensure that the security has been explicitly addressed when planning the architecture of the application or API, and that the functional and security roles of all components are known. Since single page applications and act as clients to remote API or services, it must be ensured that appropriate security standards are also applied to those services - testing the app in isolation is not sufficient.\r\n\r\nThe category lists requirements pertaining to architecture and design of the app. As such, this is the only category that does not map to technical test cases in the OWASP Testing Guide. To cover topics such as threat modelling, secure SDLC, key management, users of the ASVS should consult the respective OWASP projects and/or other standards such as the ones linked below.", "references": "* https://www.owasp.org/index.php/Application_Security_Architecture_Cheat_Sheet\r\n* https://www.owasp.org/index.php/Attack_Surface_Analysis_Cheat_Sheet\r\n* https://www.owasp.org/index.php/Application_Security_Architecture_Cheat_Sheet\r\n* https://www.owasp.org/index.php/Application_Threat_Modeling\r\n* https://www.owasp.org/index.php/Secure_SDLC_Cheat_Sheet\r\n* https://www.microsoft.com/en-us/sdl/\r\n* http://csrc.nist.gov/publications/nistpubs/800-57/sp800-57-Part1-revised2_Mar08-2007.pdf", "enabled": true, "created": "2018-04-10T17:20:51.811Z", "updated": "2018-04-10T17:20:51.811Z"}}, {"model": "dojo.benchmark_category", "pk": 4, "fields": {"type": 1, "name": "V3: Session Management Verification Requirements", "objective": "One of the core components of any web-based application is the mechanism by which it controls and maintains the state for a user interacting with it. This is referred to this as Session Management and is defined as the set of all controls governing state-full interaction between a user and the web-based application.\r\n\r\nEnsure that a verified application satisfies the following high level session management requirements:\r\n\r\n* Sessions are unique to each individual and cannot be guessed or shared\r\n* Sessions are invalidated when no longer required and timed out during periods of inactivity.", "references": "* https://www.owasp.org/index.php/Testing_for_Session_Management\r\n* https://www.owasp.org/index.php/Session_Management_Cheat_Sheet", "enabled": true, "created": "2018-04-10T17:24:33.975Z", "updated": "2018-04-10T17:24:33.975Z"}}, {"model": "dojo.benchmark_category", "pk": 5, "fields": {"type": 1, "name": "V4: Access Control Verification Requirements", "objective": "Authorization is the concept of allowing access to resources only to those permitted to use them. Ensure that a verified application satisfies the following high level requirements:\r\n\r\n* Persons accessing resources holds valid credentials to do so.\r\n* Users are associated with a well-defined set of roles and privileges.\r\n* Role and permission metadata is protected from replay or tampering.", "references": "* [OWASP Testing Guide 4.0: Authorization](https://www.owasp.org/index.php/Testing_for_Authorization)\r\n* [OWASP Cheat Sheet: Access Control](https://www.owasp.org/index.php/Access_Control_Cheat_Sheet)", "enabled": true, "created": "2018-04-10T18:46:47.356Z", "updated": "2018-04-10T18:46:47.356Z"}}, {"model": "dojo.benchmark_category", "pk": 6, "fields": {"type": 1, "name": "V5: Input Validation and Output Encoding Verification Requirements", "objective": "The most common web application security weakness is the failure to properly validate input coming from the client or from the environment before using it. This weakness leads to almost all of the major vulnerabilities in web applications, such as cross site scripting, SQL injection, interpreter injection, locale/Unicode attacks, file system attacks, and buffer overflows.\r\n\r\nEnsure that a verified application satisfies the following high level requirements:\r\n\r\n* All input is validated to be correct and fit for the intended purpose.\r\n* Data from an external entity or client should never be trusted and should be handled accordingly.", "references": "* [OWASP Testing Guide 4.0: Input Validation Testing](https://www.owasp.org/index.php/Testing_for_Input_Validation)\r\n* [OWASP Cheat Sheet: Input Validation](https://www.owasp.org/index.php/Input_Validation_Cheat_Sheet)\r\n* [OWASP Testing Guide 4.0: Testing for HTTP Parameter Pollution](https://www.owasp.org/index.php/Testing_for_HTTP_Parameter_pollution_%28OTG-INPVAL-004%29)\r\n* [OWASP LDAP Injection Cheat Sheet ](https://www.owasp.org/index.php/LDAP_Injection_Prevention_Cheat_Sheet)\r\n* [OWASP Testing Guide 4.0: Client Side Testing ](https://www.owasp.org/index.php/Client_Side_Testing)\r\n* [OWASP Cross Site Scripting Prevention Cheat Sheet ](https://www.owasp.org/index.php/XSS_%28Cross_Site_Scripting%29_Prevention_Cheat_Sheet)\r\n* [OWASP DOM Based Cross Site Scripting Prevention Cheat Sheet ](https://www.owasp.org/index.php/DOM_based_XSS_Prevention_Cheat_Sheet)\r\n* [OWASP Java Encoding Project](https://www.owasp.org/index.php/OWASP_Java_Encoder_Project)\r\n\r\nFor more information on auto-escaping, please see:\r\n\r\n* [Reducing XSS by way of Automatic Context-Aware Escaping in Template Systems](http://googleonlinesecurity.blogspot.com/2009/03/reducing-xss-by-way-of-automatic.html)\r\n* [AngularJS Strict Contextual Escaping](https://docs.angularjs.org/api/ng/service/$sce)\r\n* [ReactJS Escaping](https://reactjs.org/docs/introducing-jsx.html#jsx-prevents-injection-attacks)\r\n* [Improperly Controlled Modification of Dynamically-Determined Object Attributes](https://cwe.mitre.org/data/definitions/915.html)", "enabled": true, "created": "2018-04-10T18:56:42.504Z", "updated": "2018-04-10T18:56:42.504Z"}}, {"model": "dojo.benchmark_category", "pk": 7, "fields": {"type": 1, "name": "V8: Error Handling and Logging Verification Requirements", "objective": "The primary objective of error handling and logging is to provide a useful reaction by the user, administrators, and incident response teams. The objective is not to create massive amounts of logs, but high quality logs, with more signal than discarded noise.\r\n\r\nHigh quality logs will often contain sensitive data, and must be protected as per local data privacy laws or directives. This should include:\r\n\r\n* Not collecting or logging sensitive information if not specifically required.\r\n* Ensuring all logged information is handled securely and protected as per its data classification.\r\n* Ensuring that logs are not forever, but have an absolute lifetime that is as short as possible.\r\n\r\nIf logs contain private or sensitive data, the definition of which varies from country to country, the logs become some of the most sensitive information held by the application and thus very attractive to attackers in their own right.", "references": "* [OWASP Testing Guide 4.0 content: Testing for Error Handling](https://www.owasp.org/index.php/Testing_for_Error_Handling)", "enabled": true, "created": "2018-04-10T19:13:25.863Z", "updated": "2018-04-10T19:13:25.863Z"}}, {"model": "dojo.benchmark_category", "pk": 8, "fields": {"type": 1, "name": "V9: Data Protection Verification Requirements", "objective": "There are three key elements to sound data protection: Confidentiality, Integrity and Availability (CIA). This standard assumes that data protection is enforced on a trusted system, such as a server, which has been hardened and has sufficient protections.\r\n\r\nApplications have to assume that all user devices are compromised in some way. Where an application transmits or stores sensitive information on insecure devices, such as shared computers, phones and tablets, the application is responsible for ensuring data stored on these devices is encrypted and cannot be easily illicitly obtained, altered or disclosed.\r\n\r\nEnsure that a verified application satisfies the following high level data protection requirements:\r\n\r\n*\tConfidentiality: Data should be protected from unauthorised observation or disclosure both in transit and when stored.\r\n*\tIntegrity: Data should be protected being maliciously created, altered or deleted by unauthorized attackers.\r\n*\tAvailability: Data should be available to authorized users as required", "references": "* [Consider using Security Headers website to check security and anti-caching headers](https://securityheaders.io)\r\n* [OWASP Secure Headers project](https://www.owasp.org/index.php/OWASP_Secure_Headers_Project)\r\n* [User Privacy Protection Cheat Sheet](https://www.owasp.org/index.php/User_Privacy_Protection_Cheat_Sheet)", "enabled": true, "created": "2018-04-10T20:02:38.179Z", "updated": "2018-04-10T20:02:38.179Z"}}, {"model": "dojo.benchmark_category", "pk": 9, "fields": {"type": 1, "name": "V10: Communications Verification Requirements", "objective": "Ensure that a verified application satisfies the following high level requirements:\r\n\r\n* That TLS is used where sensitive data is transmitted.\r\n* That strong algorithms and ciphers are used at all times.", "references": "* [OWASP TLS Cheat Sheet. ](https://www.owasp.org/index.php/Transport_Layer_Protection_Cheat_Sheet)\r\n* [Notes on Approved modes of TLS. In the past, the ASVS referred to the US standard FIPS 140-2, but as a global standard, applying US standards this can be difficult, contradictory, or confusing to apply. A better method of achieving compliance with 10.8 would be to review guides such as (https://wiki.mozilla.org/Security/Server_Side_TLS), generate known good configurations (https://mozilla.github.io/server-side-tls/ssl-config-generator/), and use known TLS evaluation tools, such as sslyze, various vulnerability scanners or trusted TLS online assessment services to obtain a desired level of security. In general, we see non-compliance for this section being the use of outdated or insecure ciphers and algorithms, the lack of perfect forward secrecy, outdated or insecure SSL protocols, weak preferred ciphers, and so on.]\r\n* [Certificate pinning. For more information please review ](https://tools.ietf.org/html/rfc7469.)The rationale behind certificate pinning for production and backup keys is business continuity - see (https://noncombatant.org/2015/05/01/about-http-public-key-pinning/)\r\n* [OWASP Certificate Pinning Cheat Sheet](https://www.owasp.org/index.php/Pinning_Cheat_Sheet)\r\n* [OWASP Certificate and Public Key Pinning](https://www.owasp.org/index.php/Certificate_and_Public_Key_Pinning)\r\n* [Time of first use (TOFU) Pinning](https://developer.mozilla.org/en/docs/Web/Security/Public_Key_Pinning)\r\n* [Pre-loading HTTP Strict Transport Security](https://www.chromium.org/hsts)", "enabled": true, "created": "2018-04-11T01:34:58.018Z", "updated": "2018-04-11T01:34:58.018Z"}}, {"model": "dojo.benchmark_category", "pk": 10, "fields": {"type": 1, "name": "V13: Malicious Code Verification Requirements", "objective": "Ensure that a verified application satisfies the following high level requirements:\r\n\r\n* Malicious activity is handled securely and properly as to not affect the rest of the application.\r\n* Do not have time bombs or other time based attacks built into them\r\n* Do not phone home to malicious or unauthorized destinations\r\n* Applications do not have back doors, Easter eggs, salami attacks, or logic flaws that can be controlled by an attacker\r\n\r\nMalicious code is extremely rare, and is difficult to detect. Manual line by line code review can assist looking for logic bombs, but even the most experienced code reviewer will struggle to find malicious code even if they know it exists. This section is not possible to complete without access to source code, including as many third party libraries as possible.", "references": "", "enabled": true, "created": "2018-04-11T01:48:58.751Z", "updated": "2018-04-11T01:48:58.751Z"}}, {"model": "dojo.benchmark_category", "pk": 11, "fields": {"type": 1, "name": "V15: Business Logic Verification Requirements", "objective": "Ensure that a verified application satisfies the following high level requirements:\r\n\r\n* The business logic flow is sequential and in order\r\n* Business logic includes limits to detect and prevent automated attacks, such as continuous small funds transfers, or adding a million friends one at a time, and so on.\r\n* High value business logic flows have considered abuse cases and malicious actors, and have protections against spoofing, tampering, repudiation, information disclosure, and elevation of privilege attacks.", "references": "* [OWASP Testing Guide 4.0: Business Logic Testing ](https://www.owasp.org/index.php/Testing_for_business_logic)\r\n* [OWASP Cheat Sheet](https://www.owasp.org/index.php/Business_Logic_Security_Cheat_Sheet)", "enabled": true, "created": "2018-04-11T01:51:36.593Z", "updated": "2018-04-11T01:51:36.593Z"}}, {"model": "dojo.benchmark_category", "pk": 12, "fields": {"type": 1, "name": "V16: File and Resources Verification Requirements", "objective": "Ensure that a verified application satisfies the following high level requirements:\r\n\r\n* Untrusted file data should be handled accordingly and in a secure manner\r\n* Obtained from untrusted sources are stored outside the webroot and limited permissions.", "references": "", "enabled": true, "created": "2018-04-11T02:00:52.815Z", "updated": "2018-04-11T02:00:52.815Z"}}, {"model": "dojo.benchmark_category", "pk": 13, "fields": {"type": 1, "name": "V18: API and Web Service Verification Requirements", "objective": "Ensure that a verified application that uses RESTful or SOAP based web services has:\r\n\r\n* Adequate authentication, session management and authorization of all web services\r\n* Input validation of all parameters that transit from a lower to higher trust level\r\n* Basic interoperability of SOAP web services layer to promote API use", "references": "* [OWASP Testing Guide 4.0: Configuration and Deployment Management Testing](https://www.owasp.org/index.php/Testing_for_configuration_management)\r\n* [OWASP Cross-Site Request Forgery cheat sheet](https://www.owasp.org/index.php/Cross-Site_Request_Forgery_(CSRF)_Prevention_Cheat_Sheet)\r\n* [JSON Web Tokens (and Signing)](https://jwt.io/)", "enabled": true, "created": "2018-04-11T02:13:07.053Z", "updated": "2018-04-11T02:13:07.053Z"}}, {"model": "dojo.benchmark_category", "pk": 14, "fields": {"type": 1, "name": "V19: Configuration Verification Requirements", "objective": "* Up to date libraries and platform(s).\r\n* A secure by default configuration.\r\n* Sufficient hardening that user initiated changes to default configuration do not unnecessarily expose or create security weaknesses or flaws to underlying systems.", "references": "* [OWASP Testing Guide 4.0: Configuration and Deployment Management Testing](https://www.owasp.org/index.php/Testing_for_configuration_management)", "enabled": true, "created": "2018-04-11T02:13:45.949Z", "updated": "2018-04-11T02:13:45.949Z"}}, {"model": "dojo.benchmark_category", "pk": 15, "fields": {"type": 1, "name": "V20: Internet of Things Verification Requirements", "objective": "Embedded/IoT devices should:\r\n\r\n* Have the same level of security controls within the device as found in the server, by enforcing security controls in a trusted environment.\r\n* Sensitive data stored on the device should be done so in a secure manner.\r\n* All sensitive data transmitted from the device should utilize transport layer security.", "references": "* [OWASP Internet of Things Top 10](https://www.owasp.org/images/7/71/Internet_of_Things_Top_Ten_2014-OWASP.pdf)\r\n* [OWASP Internet of Things Project](https://www.owasp.org/index.php/OWASP_Internet_of_Things_Project)\r\n* [Trudy TCP Proxy Tool](https://github.com/praetorian-inc/trudy)", "enabled": true, "created": "2018-04-11T02:14:27.877Z", "updated": "2018-04-11T02:14:27.877Z"}}, {"model": "dojo.benchmark_requirement", "pk": 1, "fields": {"category": 1, "objective_number": "7.2", "objective": "Verify that all cryptographic modules fail securely, and errors are handled in a way that does not enable Padding Oracle.", "references": "", "level_1": true, "level_2": true, "level_3": true, "enabled": true, "created": "2018-04-03T20:15:18.704Z", "updated": "2018-04-03T20:15:18.704Z", "cwe_mapping": [], "testing_guide": []}}, {"model": "dojo.benchmark_requirement", "pk": 2, "fields": {"category": 1, "objective_number": "7.6", "objective": "Verify that all random numbers, random file names, random GUIDs, and random strings are generated using the cryptographic modules approved random number generator when these random values are intended to be not guessable by an attacker.\",", "references": "", "level_1": true, "level_2": true, "level_3": true, "enabled": true, "created": "2018-04-04T16:18:25.062Z", "updated": "2018-04-04T16:18:25.062Z", "cwe_mapping": [], "testing_guide": []}}, {"model": "dojo.benchmark_requirement", "pk": 3, "fields": {"category": 1, "objective_number": "7.7", "objective": "Verify that cryptographic algorithms used by the application have been validated against FIPS 140-2 or an equivalent standard.", "references": "", "level_1": true, "level_2": false, "level_3": false, "enabled": true, "created": "2018-04-04T20:33:28.144Z", "updated": "2018-04-04T20:33:28.144Z", "cwe_mapping": [], "testing_guide": []}}, {"model": "dojo.benchmark_requirement", "pk": 4, "fields": {"category": 2, "objective_number": "2.1", "objective": "Verify all pages and resources are protected by server-side authentication, except those specifically intended to be public.", "references": "", "level_1": true, "level_2": true, "level_3": true, "enabled": true, "created": "2018-04-09T20:45:11.236Z", "updated": "2018-04-09T20:45:11.236Z", "cwe_mapping": [], "testing_guide": []}}, {"model": "dojo.benchmark_requirement", "pk": 5, "fields": {"category": 3, "objective_number": "1.1", "objective": "All app components are identified and known to be needed.", "references": "", "level_1": true, "level_2": true, "level_3": true, "enabled": true, "created": "2018-04-10T17:28:55.814Z", "updated": "2018-04-10T17:28:55.814Z", "cwe_mapping": [], "testing_guide": []}}, {"model": "dojo.benchmark_requirement", "pk": 6, "fields": {"category": 3, "objective_number": "1.2", "objective": "Security controls are never enforced only on the client side, but on the respective remote endpoints.", "references": "", "level_1": false, "level_2": true, "level_3": true, "enabled": true, "created": "2018-04-10T17:30:00.194Z", "updated": "2018-04-10T17:30:00.194Z", "cwe_mapping": [], "testing_guide": []}}, {"model": "dojo.benchmark_requirement", "pk": 7, "fields": {"category": 3, "objective_number": "1.3", "objective": "A high-level architecture for the application and all connected remote services has been defined and security has been addressed in that architecture.", "references": "", "level_1": false, "level_2": true, "level_3": true, "enabled": true, "created": "2018-04-10T17:30:17.885Z", "updated": "2018-04-10T17:30:17.885Z", "cwe_mapping": [], "testing_guide": []}}, {"model": "dojo.benchmark_requirement", "pk": 8, "fields": {"category": 3, "objective_number": "1.4", "objective": "Data considered sensitive in the context of the application is clearly identified.", "references": "", "level_1": false, "level_2": false, "level_3": true, "enabled": true, "created": "2018-04-10T17:30:49.731Z", "updated": "2018-04-10T17:30:49.731Z", "cwe_mapping": [], "testing_guide": []}}, {"model": "dojo.benchmark_requirement", "pk": 9, "fields": {"category": 3, "objective_number": "1.5", "objective": "All app components are defined in terms of the business functions and/or security functions they provide.", "references": "", "level_1": false, "level_2": false, "level_3": true, "enabled": true, "created": "2018-04-10T17:31:32.897Z", "updated": "2018-04-10T17:31:32.897Z", "cwe_mapping": [], "testing_guide": []}}, {"model": "dojo.benchmark_requirement", "pk": 11, "fields": {"category": 3, "objective_number": "1.6", "objective": "A threat model for the application and the associated remote services has been produced that identifies potential threats and countermeasures.", "references": "", "level_1": false, "level_2": false, "level_3": true, "enabled": true, "created": "2018-04-10T17:32:20.155Z", "updated": "2018-04-10T17:32:20.155Z", "cwe_mapping": [], "testing_guide": []}}, {"model": "dojo.benchmark_requirement", "pk": 12, "fields": {"category": 3, "objective_number": "1.7", "objective": "All security controls have a centralized implementation.", "references": "", "level_1": false, "level_2": true, "level_3": true, "enabled": true, "created": "2018-04-10T17:32:36.102Z", "updated": "2018-04-10T17:32:36.102Z", "cwe_mapping": [], "testing_guide": []}}, {"model": "dojo.benchmark_requirement", "pk": 13, "fields": {"category": 3, "objective_number": "1.8", "objective": "Components are segregated from each other via a defined security control, such as network segmentation, firewall rules, or cloud based security group", "references": "", "level_1": false, "level_2": true, "level_3": true, "enabled": true, "created": "2018-04-10T17:33:12.108Z", "updated": "2018-04-10T17:33:12.108Z", "cwe_mapping": [], "testing_guide": []}}, {"model": "dojo.benchmark_requirement", "pk": 14, "fields": {"category": 3, "objective_number": "1.9", "objective": "A mechanism for enforcing updates of the application exists.", "references": "", "level_1": false, "level_2": true, "level_3": true, "enabled": true, "created": "2018-04-10T17:33:27.254Z", "updated": "2018-04-10T17:33:27.254Z", "cwe_mapping": [], "testing_guide": []}}, {"model": "dojo.benchmark_requirement", "pk": 15, "fields": {"category": 3, "objective_number": "1.10", "objective": "Security is addressed within all parts of the software development lifecycle.", "references": "", "level_1": false, "level_2": true, "level_3": true, "enabled": true, "created": "2018-04-10T17:34:04.115Z", "updated": "2018-04-10T17:34:04.115Z", "cwe_mapping": [], "testing_guide": []}}, {"model": "dojo.benchmark_requirement", "pk": 16, "fields": {"category": 3, "objective_number": "1.11", "objective": "All application components, libraries, modules, frameworks, platform, and operating systems are free from known vulnerabilities", "references": "", "level_1": false, "level_2": true, "level_3": true, "enabled": true, "created": "2018-04-10T17:34:34.079Z", "updated": "2018-04-10T17:34:34.079Z", "cwe_mapping": [], "testing_guide": []}}, {"model": "dojo.benchmark_requirement", "pk": 17, "fields": {"category": 3, "objective_number": "1.12", "objective": "There is an explicit policy for how cryptographic keys (if any) are managed, and the lifecycle of cryptographic keys is enforced. Ideally, follow a key management standard such as NIST SP 800-57.", "references": "", "level_1": false, "level_2": true, "level_3": true, "enabled": true, "created": "2018-04-10T17:35:02.776Z", "updated": "2018-04-10T17:35:02.776Z", "cwe_mapping": [], "testing_guide": []}}, {"model": "dojo.benchmark_requirement", "pk": 18, "fields": {"category": 2, "objective_number": "2.2", "objective": "Verify that the application does not automatically fill in credentials either as hidden fields, URL arguments, Ajax requests, or in forms, as this implies plain text, reversible or de-cryptable password storage. Random time limited nonces are acceptable as stand ins, such as to protect change password forms or forgot password forms.", "references": "", "level_1": true, "level_2": true, "level_3": true, "enabled": true, "created": "2018-04-10T18:25:49.774Z", "updated": "2018-04-10T18:25:49.774Z", "cwe_mapping": [], "testing_guide": []}}, {"model": "dojo.benchmark_requirement", "pk": 19, "fields": {"category": 2, "objective_number": "2.6", "objective": "Verify all authentication controls fail securely to ensure attackers cannot log in.", "references": "", "level_1": true, "level_2": true, "level_3": true, "enabled": true, "created": "2018-04-10T18:26:06.655Z", "updated": "2018-04-10T18:26:06.655Z", "cwe_mapping": [], "testing_guide": []}}, {"model": "dojo.benchmark_requirement", "pk": 20, "fields": {"category": 2, "objective_number": "2.7", "objective": "Verify password entry fields allow, or encourage, the use of passphrases, and do not prevent long passphrases or highly complex passwords being entered.", "references": "", "level_1": true, "level_2": true, "level_3": true, "enabled": true, "created": "2018-04-10T18:26:27.024Z", "updated": "2018-04-10T18:26:27.024Z", "cwe_mapping": [], "testing_guide": []}}, {"model": "dojo.benchmark_requirement", "pk": 21, "fields": {"category": 2, "objective_number": "2.8", "objective": "Verify all identity functions (e.g. forgot password, change password, change email, manage 2FA token, etc.) have the security controls, as the primary authentication mechanism (e.g. login form).", "references": "", "level_1": true, "level_2": true, "level_3": true, "enabled": true, "created": "2018-04-10T18:26:54.741Z", "updated": "2018-04-10T18:26:54.741Z", "cwe_mapping": [], "testing_guide": []}}, {"model": "dojo.benchmark_requirement", "pk": 22, "fields": {"category": 2, "objective_number": "2.9", "objective": "Verify that the changing password functionality includes the old password, the new password, and a password confirmation.", "references": "", "level_1": true, "level_2": true, "level_3": true, "enabled": true, "created": "2018-04-10T18:27:12.001Z", "updated": "2018-04-10T18:27:12.001Z", "cwe_mapping": [], "testing_guide": []}}, {"model": "dojo.benchmark_requirement", "pk": 23, "fields": {"category": 2, "objective_number": "2.12", "objective": "Verify that all authentication decisions can be logged, without storing sensitive session identifiers or passwords. This should include requests with relevant metadata needed for security investigations.", "references": "", "level_1": false, "level_2": true, "level_3": true, "enabled": true, "created": "2018-04-10T18:27:39.646Z", "updated": "2018-04-10T18:27:39.646Z", "cwe_mapping": [], "testing_guide": []}}, {"model": "dojo.benchmark_requirement", "pk": 24, "fields": {"category": 2, "objective_number": "2.13", "objective": "Verify that account passwords are one way hashed with a salt, and there is sufficient work factor to defeat brute force and password hash recovery attacks.", "references": "", "level_1": false, "level_2": true, "level_3": true, "enabled": true, "created": "2018-04-10T18:27:58.290Z", "updated": "2018-04-10T18:27:58.290Z", "cwe_mapping": [], "testing_guide": []}}, {"model": "dojo.benchmark_requirement", "pk": 25, "fields": {"category": 2, "objective_number": "2.16", "objective": "Verify that all application data is transmitted over an encrypted channel (e.g. TLS).", "references": "", "level_1": true, "level_2": true, "level_3": true, "enabled": true, "created": "2018-04-10T18:28:25.068Z", "updated": "2018-04-10T18:28:25.068Z", "cwe_mapping": [], "testing_guide": []}}, {"model": "dojo.benchmark_requirement", "pk": 26, "fields": {"category": 2, "objective_number": "2.17", "objective": "Verify that the forgotten password function and other recovery paths do not reveal the current password and that the new password is not sent in clear text to the user. A one time password reset link should be used instead.", "references": "", "level_1": true, "level_2": true, "level_3": true, "enabled": true, "created": "2018-04-10T18:28:43.876Z", "updated": "2018-04-10T18:28:43.876Z", "cwe_mapping": [], "testing_guide": []}}, {"model": "dojo.benchmark_requirement", "pk": 27, "fields": {"category": 2, "objective_number": "2.18", "objective": "Verify that information enumeration is not possible via login, password reset, or forgot account functionality.", "references": "", "level_1": false, "level_2": true, "level_3": true, "enabled": true, "created": "2018-04-10T18:29:00.197Z", "updated": "2018-04-10T18:29:00.197Z", "cwe_mapping": [], "testing_guide": []}}, {"model": "dojo.benchmark_requirement", "pk": 28, "fields": {"category": 2, "objective_number": "2.19", "objective": "Verify there are no default passwords in use for the application framework or any components used by the application (such as admin/password).", "references": "", "level_1": true, "level_2": true, "level_3": true, "enabled": true, "created": "2018-04-10T18:29:18.605Z", "updated": "2018-04-10T18:29:18.605Z", "cwe_mapping": [], "testing_guide": []}}, {"model": "dojo.benchmark_requirement", "pk": 29, "fields": {"category": 2, "objective_number": "2.20", "objective": "Verify that anti-automation is in place to prevent breached credential testing, brute forcing, and account lockout attacks.", "references": "", "level_1": false, "level_2": true, "level_3": true, "enabled": true, "created": "2018-04-10T18:29:38.078Z", "updated": "2018-04-10T18:29:38.078Z", "cwe_mapping": [], "testing_guide": []}}, {"model": "dojo.benchmark_requirement", "pk": 30, "fields": {"category": 2, "objective_number": "2.21", "objective": "Verify that all authentication credentials for accessing services external to the application are encrypted and stored in a protected location.", "references": "", "level_1": false, "level_2": true, "level_3": true, "enabled": true, "created": "2018-04-10T18:32:22.961Z", "updated": "2018-04-10T18:32:22.961Z", "cwe_mapping": [], "testing_guide": []}}, {"model": "dojo.benchmark_requirement", "pk": 31, "fields": {"category": 2, "objective_number": "2.22", "objective": "Verify that forgotten password and other recovery paths use a TOTP or other soft token, mobile push, or other offline recovery mechanism. The use of SMS has been deprecated by NIST and should not be used.", "references": "", "level_1": false, "level_2": true, "level_3": true, "enabled": true, "created": "2018-04-10T18:32:40.617Z", "updated": "2018-04-10T18:32:40.617Z", "cwe_mapping": [], "testing_guide": []}}, {"model": "dojo.benchmark_requirement", "pk": 32, "fields": {"category": 2, "objective_number": "2.23", "objective": "Verify that account lockout is divided into soft and hard lock status, and these are not mutually exclusive. If an account is temporarily soft locked out due to a brute force attack, this should not reset the hard lock status.", "references": "", "level_1": false, "level_2": true, "level_3": true, "enabled": true, "created": "2018-04-10T18:32:58.589Z", "updated": "2018-04-10T18:32:58.589Z", "cwe_mapping": [], "testing_guide": []}}, {"model": "dojo.benchmark_requirement", "pk": 33, "fields": {"category": 2, "objective_number": "2.24", "objective": "Verify that if secret questions are required, the questions do not violate privacy laws and are sufficiently strong to protect accounts from malicious recovery.", "references": "", "level_1": true, "level_2": true, "level_3": true, "enabled": true, "created": "2018-04-10T18:33:18.505Z", "updated": "2018-04-10T18:33:18.505Z", "cwe_mapping": [], "testing_guide": []}}, {"model": "dojo.benchmark_requirement", "pk": 34, "fields": {"category": 2, "objective_number": "2.25", "objective": "Verify that high value applications can be configured to disallow the use of a configurable number of previous passwords.", "references": "", "level_1": false, "level_2": true, "level_3": true, "enabled": true, "created": "2018-04-10T18:33:39.421Z", "updated": "2018-04-10T18:33:39.421Z", "cwe_mapping": [], "testing_guide": []}}, {"model": "dojo.benchmark_requirement", "pk": 35, "fields": {"category": 2, "objective_number": "2.26", "objective": "Verify that sensitive operations (e.g. change password, change email address, add new biller, etc.) require re-authentication (e.g. password or 2FA token). This is in addition to CSRF measures, not instead.", "references": "", "level_1": false, "level_2": true, "level_3": true, "enabled": true, "created": "2018-04-10T18:33:54.755Z", "updated": "2018-04-10T18:33:54.755Z", "cwe_mapping": [], "testing_guide": []}}, {"model": "dojo.benchmark_requirement", "pk": 36, "fields": {"category": 2, "objective_number": "2.27", "objective": "Verify that measures are in place to block the use of commonly chosen passwords and weak pass-phrases.", "references": "", "level_1": false, "level_2": true, "level_3": true, "enabled": true, "created": "2018-04-10T18:34:13.132Z", "updated": "2018-04-10T18:34:13.132Z", "cwe_mapping": [], "testing_guide": []}}, {"model": "dojo.benchmark_requirement", "pk": 37, "fields": {"category": 2, "objective_number": "2.28", "objective": "Verify that all authentication challenges, whether successful or failed, should respond in the same average response time.", "references": "", "level_1": false, "level_2": false, "level_3": true, "enabled": true, "created": "2018-04-10T18:34:34.548Z", "updated": "2018-04-10T18:34:34.548Z", "cwe_mapping": [], "testing_guide": []}}, {"model": "dojo.benchmark_requirement", "pk": 38, "fields": {"category": 2, "objective_number": "2.29", "objective": "Verify that secrets, API keys, and passwords are not included in the source code, or online source code repositories.", "references": "", "level_1": false, "level_2": true, "level_3": true, "enabled": true, "created": "2018-04-10T18:34:51.315Z", "updated": "2018-04-10T18:34:51.315Z", "cwe_mapping": [], "testing_guide": []}}, {"model": "dojo.benchmark_requirement", "pk": 39, "fields": {"category": 2, "objective_number": "2.31", "objective": "Verify that users can enrol and use TOTP verification, two-factor, biometric (Touch ID or similar), or equivalent multi-factor authentication mechanism that provides protection against single factor credential disclosure.", "references": "", "level_1": false, "level_2": true, "level_3": true, "enabled": true, "created": "2018-04-10T18:35:10.531Z", "updated": "2018-04-10T18:35:10.531Z", "cwe_mapping": [], "testing_guide": []}}, {"model": "dojo.benchmark_requirement", "pk": 40, "fields": {"category": 2, "objective_number": "2.32", "objective": "Verify that access to administrative interfaces are strictly controlled and not accessible to untrusted parties.", "references": "", "level_1": true, "level_2": true, "level_3": true, "enabled": true, "created": "2018-04-10T18:35:27.514Z", "updated": "2018-04-10T18:35:27.514Z", "cwe_mapping": [], "testing_guide": []}}, {"model": "dojo.benchmark_requirement", "pk": 41, "fields": {"category": 2, "objective_number": "3.1", "objective": "Verify that the application is compatible with browser based and third party password managers, unless prohibited by risk based policy.", "references": "", "level_1": true, "level_2": true, "level_3": true, "enabled": true, "created": "2018-04-10T18:35:45.088Z", "updated": "2018-04-10T18:35:45.088Z", "cwe_mapping": [], "testing_guide": []}}, {"model": "dojo.benchmark_requirement", "pk": 42, "fields": {"category": 4, "objective_number": "3.2", "objective": "Verify that sessions are invalidated when the user logs out.", "references": "", "level_1": true, "level_2": true, "level_3": true, "enabled": true, "created": "2018-04-10T18:41:15.085Z", "updated": "2018-04-10T18:41:15.085Z", "cwe_mapping": [], "testing_guide": []}}, {"model": "dojo.benchmark_requirement", "pk": 43, "fields": {"category": 4, "objective_number": "3.3", "objective": "Verify that sessions timeout after a specified period of inactivity.", "references": "", "level_1": false, "level_2": false, "level_3": true, "enabled": true, "created": "2018-04-10T18:41:32.640Z", "updated": "2018-04-10T18:41:32.640Z", "cwe_mapping": [], "testing_guide": []}}, {"model": "dojo.benchmark_requirement", "pk": 44, "fields": {"category": 4, "objective_number": "3.4", "objective": "Verify that sessions timeout after an administratively-configurable maximum time period regardless of activity (an absolute timeout).", "references": "", "level_1": false, "level_2": true, "level_3": true, "enabled": true, "created": "2018-04-10T18:41:55.478Z", "updated": "2018-04-10T18:41:55.478Z", "cwe_mapping": [], "testing_guide": []}}, {"model": "dojo.benchmark_requirement", "pk": 45, "fields": {"category": 4, "objective_number": "3.5", "objective": "Verify that all pages that require authentication have easy and visible access to logout functionality.", "references": "", "level_1": true, "level_2": true, "level_3": true, "enabled": true, "created": "2018-04-10T18:42:16.654Z", "updated": "2018-04-10T18:42:16.654Z", "cwe_mapping": [], "testing_guide": []}}, {"model": "dojo.benchmark_requirement", "pk": 46, "fields": {"category": 4, "objective_number": "3.6", "objective": "Test that the session ID is never disclosed in URLs, error messages, or logs. This includes verifying that the application does not support URL rewriting of session cookies.", "references": "", "level_1": false, "level_2": false, "level_3": true, "enabled": true, "created": "2018-04-10T18:42:36.712Z", "updated": "2018-04-10T18:42:36.712Z", "cwe_mapping": [], "testing_guide": []}}, {"model": "dojo.benchmark_requirement", "pk": 47, "fields": {"category": 4, "objective_number": "3.7", "objective": "Verify that all successful authentication and re-authentication generates a new session and session id.", "references": "", "level_1": true, "level_2": true, "level_3": true, "enabled": true, "created": "2018-04-10T18:42:57.702Z", "updated": "2018-04-10T18:42:57.702Z", "cwe_mapping": [], "testing_guide": []}}, {"model": "dojo.benchmark_requirement", "pk": 48, "fields": {"category": 4, "objective_number": "3.10", "objective": "Verify that only session ids generated by the application framework are recognised as active by the application.", "references": "", "level_1": false, "level_2": true, "level_3": true, "enabled": true, "created": "2018-04-10T18:43:19.341Z", "updated": "2018-04-10T18:43:19.341Z", "cwe_mapping": [], "testing_guide": []}}, {"model": "dojo.benchmark_requirement", "pk": 49, "fields": {"category": 4, "objective_number": "3.11", "objective": "Test session IDs against criteria such as their randomness, uniqueness, resistance to statistical and cryptographic analysis and information leakage.", "references": "", "level_1": true, "level_2": true, "level_3": true, "enabled": true, "created": "2018-04-10T18:43:34.658Z", "updated": "2018-04-10T18:43:34.658Z", "cwe_mapping": [], "testing_guide": []}}, {"model": "dojo.benchmark_requirement", "pk": 50, "fields": {"category": 4, "objective_number": "3.12", "objective": "Verify that session IDs stored in cookies are scoped using the 'path' attribute; and have the 'HttpOnly' and 'Secure' cookie flags enabled.", "references": "", "level_1": true, "level_2": true, "level_3": true, "enabled": true, "created": "2018-04-10T18:43:54.012Z", "updated": "2018-04-10T18:43:54.012Z", "cwe_mapping": [], "testing_guide": []}}, {"model": "dojo.benchmark_requirement", "pk": 51, "fields": {"category": 4, "objective_number": "3.17", "objective": "Verify that the application tracks all active sessions. And allows users to terminate sessions selectively or globally from their account.", "references": "", "level_1": false, "level_2": true, "level_3": true, "enabled": true, "created": "2018-04-10T18:44:17.203Z", "updated": "2018-04-10T18:44:17.203Z", "cwe_mapping": [], "testing_guide": []}}, {"model": "dojo.benchmark_requirement", "pk": 52, "fields": {"category": 4, "objective_number": "3.18", "objective": "Verify for high value applications that the user is prompted with the option to terminate all other active sessions after a successful change password process.", "references": "", "level_1": false, "level_2": false, "level_3": true, "enabled": true, "created": "2018-04-10T18:44:43.442Z", "updated": "2018-04-10T18:44:43.442Z", "cwe_mapping": [], "testing_guide": []}}, {"model": "dojo.benchmark_requirement", "pk": 53, "fields": {"category": 5, "objective_number": "4.1", "objective": "Verify that the principle of least privilege exists - users should only be able to access functions, data files, URLs, controllers, services, and other resources, for which they possess specific authorization. This implies protection against spoofing and elevation of privilege.", "references": "", "level_1": true, "level_2": true, "level_3": true, "enabled": true, "created": "2018-04-10T18:47:21.960Z", "updated": "2018-04-10T18:47:21.960Z", "cwe_mapping": [], "testing_guide": []}}, {"model": "dojo.benchmark_requirement", "pk": 54, "fields": {"category": 5, "objective_number": "4.4", "objective": "Verify that access to sensitive records is protected, such that only authorized objects or data is accessible to each user (for example, protect against users tampering with a parameter to see or alter another user's account).", "references": "", "level_1": true, "level_2": true, "level_3": true, "enabled": true, "created": "2018-04-10T18:47:38.680Z", "updated": "2018-04-10T18:47:38.680Z", "cwe_mapping": [], "testing_guide": []}}, {"model": "dojo.benchmark_requirement", "pk": 55, "fields": {"category": 5, "objective_number": "4.5", "objective": "Verify that directory browsing is disabled unless deliberately desired. Additionally, applications should not allow discovery or disclosure of file or directory metadata, such as Thumbs.db, .DS_Store, .git or .svn folders.", "references": "", "level_1": true, "level_2": true, "level_3": true, "enabled": true, "created": "2018-04-10T18:47:55.745Z", "updated": "2018-04-10T18:47:55.745Z", "cwe_mapping": [], "testing_guide": []}}, {"model": "dojo.benchmark_requirement", "pk": 56, "fields": {"category": 5, "objective_number": "4.8", "objective": "Verify that access controls fail securely.", "references": "", "level_1": true, "level_2": true, "level_3": true, "enabled": true, "created": "2018-04-10T18:48:13.764Z", "updated": "2018-04-10T18:48:13.764Z", "cwe_mapping": [], "testing_guide": []}}, {"model": "dojo.benchmark_requirement", "pk": 57, "fields": {"category": 5, "objective_number": "4.9", "objective": "Verify that the same access control rules implied by the presentation layer are enforced on the server side.", "references": "", "level_1": true, "level_2": true, "level_3": true, "enabled": true, "created": "2018-04-10T18:48:35.093Z", "updated": "2018-04-10T18:48:35.093Z", "cwe_mapping": [], "testing_guide": []}}, {"model": "dojo.benchmark_requirement", "pk": 58, "fields": {"category": 5, "objective_number": "4.10", "objective": "Verify that all user and data attributes and policy information used by access controls cannot be manipulated by end users unless specifically authorized.", "references": "", "level_1": false, "level_2": true, "level_3": true, "enabled": true, "created": "2018-04-10T18:48:59.652Z", "updated": "2018-04-10T18:48:59.652Z", "cwe_mapping": [], "testing_guide": []}}, {"model": "dojo.benchmark_requirement", "pk": 59, "fields": {"category": 5, "objective_number": "4.11", "objective": "Verify that there is a centralized mechanism (including libraries that call external authorization services) for protecting access to each type of protected resource.", "references": "", "level_1": false, "level_2": false, "level_3": true, "enabled": true, "created": "2018-04-10T18:49:17.626Z", "updated": "2018-04-10T18:49:17.626Z", "cwe_mapping": [], "testing_guide": []}}, {"model": "dojo.benchmark_requirement", "pk": 60, "fields": {"category": 5, "objective_number": "4.12", "objective": "Verify that all access control decisions can be logged and all failed decisions are logged.", "references": "", "level_1": false, "level_2": true, "level_3": true, "enabled": true, "created": "2018-04-10T18:49:32.763Z", "updated": "2018-04-10T18:49:32.763Z", "cwe_mapping": [], "testing_guide": []}}, {"model": "dojo.benchmark_requirement", "pk": 61, "fields": {"category": 5, "objective_number": "4.13", "objective": "Verify that the application or framework uses strong random anti-CSRF tokens or has another transaction protection mechanism.", "references": "", "level_1": true, "level_2": true, "level_3": true, "enabled": true, "created": "2018-04-10T18:50:06.400Z", "updated": "2018-04-10T18:50:06.400Z", "cwe_mapping": [], "testing_guide": []}}, {"model": "dojo.benchmark_requirement", "pk": 62, "fields": {"category": 5, "objective_number": "4.4", "objective": "Verify the system can protect against aggregate or continuous access of secured functions, resources, or data. For example, consider the use of a resource governor to limit the number of edits per hour or to prevent the entire database from being scraped by an individual user.", "references": "", "level_1": false, "level_2": true, "level_3": true, "enabled": true, "created": "2018-04-10T18:50:21.788Z", "updated": "2018-04-10T18:50:21.788Z", "cwe_mapping": [], "testing_guide": []}}, {"model": "dojo.benchmark_requirement", "pk": 63, "fields": {"category": 5, "objective_number": "4.15", "objective": "Verify the application has additional authorization (such as step up or adaptive authentication) for lower value systems, and / or segregation of duties for high value applications to enforce anti-fraud controls as per the risk of application and past fraud.", "references": "", "level_1": false, "level_2": true, "level_3": true, "enabled": true, "created": "2018-04-10T18:50:45.601Z", "updated": "2018-04-10T18:50:45.601Z", "cwe_mapping": [], "testing_guide": []}}, {"model": "dojo.benchmark_requirement", "pk": 64, "fields": {"category": 5, "objective_number": "4.16", "objective": "Verify that the application correctly enforces context-sensitive authorisation so as to not allow unauthorised manipulation by means of parameter tampering.", "references": "", "level_1": true, "level_2": true, "level_3": true, "enabled": true, "created": "2018-04-10T18:51:03.440Z", "updated": "2018-04-10T18:51:03.440Z", "cwe_mapping": [], "testing_guide": []}}, {"model": "dojo.benchmark_requirement", "pk": 65, "fields": {"category": 6, "objective_number": "5.3", "objective": "Verify that server side input validation failures result in request rejection and are logged.", "references": "", "level_1": true, "level_2": true, "level_3": true, "enabled": true, "created": "2018-04-10T18:57:40.844Z", "updated": "2018-04-10T18:57:40.844Z", "cwe_mapping": [], "testing_guide": []}}, {"model": "dojo.benchmark_requirement", "pk": 66, "fields": {"category": 6, "objective_number": "5.5", "objective": "Verify that input validation routines are enforced on the server side.", "references": "", "level_1": true, "level_2": true, "level_3": true, "enabled": true, "created": "2018-04-10T18:58:04.519Z", "updated": "2018-04-10T18:58:04.519Z", "cwe_mapping": [], "testing_guide": []}}, {"model": "dojo.benchmark_requirement", "pk": 67, "fields": {"category": 6, "objective_number": "5.6", "objective": "Verify that a centralized input validation control mechanism is used by the application.", "references": "", "level_1": true, "level_2": true, "level_3": true, "enabled": true, "created": "2018-04-10T18:58:25.176Z", "updated": "2018-04-10T18:58:25.176Z", "cwe_mapping": [], "testing_guide": []}}, {"model": "dojo.benchmark_requirement", "pk": 68, "fields": {"category": 6, "objective_number": "5.10", "objective": "Verify that all database queries are protected by the use of parameterized queries or proper ORM usage to avoid SQL injection.", "references": "", "level_1": true, "level_2": true, "level_3": true, "enabled": true, "created": "2018-04-10T18:58:40.885Z", "updated": "2018-04-10T18:58:40.885Z", "cwe_mapping": [], "testing_guide": []}}, {"model": "dojo.benchmark_requirement", "pk": 69, "fields": {"category": 6, "objective_number": "5.11", "objective": "Verify that the application is not susceptible to LDAP Injection, or that security controls prevent LDAP Injection.", "references": "", "level_1": true, "level_2": true, "level_3": true, "enabled": true, "created": "2018-04-10T18:58:57.395Z", "updated": "2018-04-10T18:58:57.395Z", "cwe_mapping": [], "testing_guide": []}}, {"model": "dojo.benchmark_requirement", "pk": 70, "fields": {"category": 6, "objective_number": "5.12", "objective": "Verify that the application is not susceptible to OS Command Injection, or that security controls prevent OS Command Injection.", "references": "", "level_1": true, "level_2": true, "level_3": true, "enabled": true, "created": "2018-04-10T18:59:13.557Z", "updated": "2018-04-10T18:59:13.557Z", "cwe_mapping": [], "testing_guide": []}}, {"model": "dojo.benchmark_requirement", "pk": 71, "fields": {"category": 6, "objective_number": "5.13", "objective": "Verify that the application is not susceptible to Remote File Inclusion (RFI) or Local File Inclusion (LFI) when content is used that is a path to a file.", "references": "", "level_1": true, "level_2": true, "level_3": true, "enabled": true, "created": "2018-04-10T18:59:30.868Z", "updated": "2018-04-10T18:59:30.868Z", "cwe_mapping": [], "testing_guide": []}}, {"model": "dojo.benchmark_requirement", "pk": 72, "fields": {"category": 6, "objective_number": "5.14", "objective": "Verify that the application is not susceptible XPath injection or XML injection attacks.", "references": "", "level_1": true, "level_2": true, "level_3": true, "enabled": true, "created": "2018-04-10T18:59:46.106Z", "updated": "2018-04-10T18:59:46.106Z", "cwe_mapping": [], "testing_guide": []}}, {"model": "dojo.benchmark_requirement", "pk": 73, "fields": {"category": 6, "objective_number": "5.15", "objective": "Verify that all string variables placed into HTML or other web client code are either properly contextually encoded manually, or utilize templates that automatically contextually encode to ensure the application is not susceptible to reflected, stored or DOM Cross-Site Scripting (XSS) attacks.", "references": "", "level_1": true, "level_2": true, "level_3": true, "enabled": true, "created": "2018-04-10T19:00:01.972Z", "updated": "2018-04-10T19:00:01.972Z", "cwe_mapping": [], "testing_guide": []}}, {"model": "dojo.benchmark_requirement", "pk": 74, "fields": {"category": 6, "objective_number": "5.16", "objective": "Verify that the application does not contain mass parameter assignment (AKA automatic variable binding) vulnerabilities.", "references": "", "level_1": false, "level_2": true, "level_3": true, "enabled": true, "created": "2018-04-10T19:00:21.221Z", "updated": "2018-04-10T19:00:21.221Z", "cwe_mapping": [], "testing_guide": []}}, {"model": "dojo.benchmark_requirement", "pk": 75, "fields": {"category": 6, "objective_number": "5.17", "objective": "Verify that the application has defenses against HTTP parameter pollution attacks, particularly if the application framework makes no distinction about the source of request parameters (GET, POST, cookies, headers, environment, etc.)", "references": "", "level_1": false, "level_2": true, "level_3": true, "enabled": true, "created": "2018-04-10T19:00:40.335Z", "updated": "2018-04-10T19:00:40.335Z", "cwe_mapping": [], "testing_guide": []}}, {"model": "dojo.benchmark_requirement", "pk": 76, "fields": {"category": 6, "objective_number": "5.19", "objective": "Verify that all input data is validated, not only HTML form fields but all sources of input such as REST calls, query parameters, HTTP headers, cookies, batch files, RSS feeds, etc; using positive validation (whitelisting), then lesser forms of validation such as grey listing (eliminating known bad strings), or rejecting bad inputs (blacklisting).", "references": "", "level_1": false, "level_2": true, "level_3": true, "enabled": true, "created": "2018-04-10T19:00:58.444Z", "updated": "2018-04-10T19:00:58.444Z", "cwe_mapping": [], "testing_guide": []}}, {"model": "dojo.benchmark_requirement", "pk": 77, "fields": {"category": 6, "objective_number": "5.20", "objective": "Verify that structured data is strongly typed and validated against a defined schema including allowed characters, length and pattern (e.g. credit card numbers or telephone, or validating that two related fields are reasonable, such as validating suburbs and zip or post codes match).", "references": "", "level_1": false, "level_2": true, "level_3": true, "enabled": true, "created": "2018-04-10T19:03:55.078Z", "updated": "2018-04-10T19:03:55.078Z", "cwe_mapping": [], "testing_guide": []}}, {"model": "dojo.benchmark_requirement", "pk": 78, "fields": {"category": 6, "objective_number": "5.21", "objective": "Verify that unstructured data is sanitized to enforce generic safety measures such as allowed characters and length, and characters potentially harmful in given context should be escaped (e.g. natural names with Unicode or apostrophes, such as O'Hara)", "references": "", "level_1": false, "level_2": true, "level_3": true, "enabled": true, "created": "2018-04-10T19:04:35.073Z", "updated": "2018-04-10T19:04:35.073Z", "cwe_mapping": [], "testing_guide": []}}, {"model": "dojo.benchmark_requirement", "pk": 79, "fields": {"category": 6, "objective_number": "5.22", "objective": "Verify that all untrusted HTML input from WYSIWYG editors or similar is properly sanitized with an HTML sanitizer library or framework feature.", "references": "", "level_1": true, "level_2": true, "level_3": true, "enabled": true, "created": "2018-04-10T19:05:00.216Z", "updated": "2018-04-10T19:05:00.216Z", "cwe_mapping": [], "testing_guide": []}}, {"model": "dojo.benchmark_requirement", "pk": 80, "fields": {"category": 6, "objective_number": "5.24", "objective": "Verify that where data is transferred from one DOM context to another, the transfer uses safe JavaScript methods, such as using innerText or .val to ensure the application is not susceptible to DOM Cross-Site Scripting (XSS) attacks.", "references": "", "level_1": false, "level_2": true, "level_3": true, "enabled": true, "created": "2018-04-10T19:05:18.980Z", "updated": "2018-04-10T19:05:18.980Z", "cwe_mapping": [], "testing_guide": []}}, {"model": "dojo.benchmark_requirement", "pk": 81, "fields": {"category": 6, "objective_number": "5.25", "objective": "Verify when parsing JSON in browsers or JavaScript based backends, that JSON.parse is used to parse the JSON document. Do not use eval() to parse JSON.", "references": "", "level_1": false, "level_2": true, "level_3": true, "enabled": true, "created": "2018-04-10T19:05:35.060Z", "updated": "2018-04-10T19:05:35.060Z", "cwe_mapping": [], "testing_guide": []}}, {"model": "dojo.benchmark_requirement", "pk": 82, "fields": {"category": 6, "objective_number": "5.27", "objective": "Verify the application for Server Side Request Forgery vulnerabilities.", "references": "", "level_1": true, "level_2": true, "level_3": true, "enabled": true, "created": "2018-04-10T19:06:00.580Z", "updated": "2018-04-10T19:06:00.580Z", "cwe_mapping": [], "testing_guide": []}}, {"model": "dojo.benchmark_requirement", "pk": 83, "fields": {"category": 6, "objective_number": "5.28", "objective": "Verify that the application correctly restricts XML parsers to only use the most restrictive configuration possible and to ensure that dangerous features such as resolving external entities are disabled.", "references": "", "level_1": true, "level_2": true, "level_3": true, "enabled": true, "created": "2018-04-10T19:06:21.358Z", "updated": "2018-04-10T19:06:21.358Z", "cwe_mapping": [], "testing_guide": []}}, {"model": "dojo.benchmark_requirement", "pk": 84, "fields": {"category": 6, "objective_number": "5.29", "objective": "Verify that deserialization of untrusted data is avoided or is extensively protected when deserialization cannot be avoided.", "references": "", "level_1": true, "level_2": true, "level_3": true, "enabled": true, "created": "2018-04-10T19:06:39.454Z", "updated": "2018-04-10T19:06:39.454Z", "cwe_mapping": [], "testing_guide": []}}, {"model": "dojo.benchmark_requirement", "pk": 85, "fields": {"category": 1, "objective_number": "7.8", "objective": "Verify that cryptographic modules operate in their approved mode according to their published security policies.", "references": "", "level_1": false, "level_2": false, "level_3": true, "enabled": true, "created": "2018-04-10T19:08:31.176Z", "updated": "2018-04-10T19:08:31.176Z", "cwe_mapping": [], "testing_guide": []}}, {"model": "dojo.benchmark_requirement", "pk": 86, "fields": {"category": 1, "objective_number": "7.9", "objective": "Verify that there is an explicit policy for how cryptographic keys are managed (e.g., generated, distributed, revoked, and expired). Verify that this key lifecycle is properly enforced.", "references": "", "level_1": false, "level_2": true, "level_3": true, "enabled": true, "created": "2018-04-10T19:09:24.942Z", "updated": "2018-04-10T19:09:24.942Z", "cwe_mapping": [], "testing_guide": []}}, {"model": "dojo.benchmark_requirement", "pk": 87, "fields": {"category": 1, "objective_number": "7.11", "objective": "Verify that all consumers of cryptographic services do not have direct access to key material. Isolate cryptographic processes, including master secrets and consider the use of a virtualized or physical hardware key vault (HSM).", "references": "", "level_1": false, "level_2": false, "level_3": true, "enabled": true, "created": "2018-04-10T19:09:46.054Z", "updated": "2018-04-10T19:09:46.054Z", "cwe_mapping": [], "testing_guide": []}}, {"model": "dojo.benchmark_requirement", "pk": 88, "fields": {"category": 1, "objective_number": "7.12", "objective": "Verify that Personally Identifiable Information (PII) and other sensitive data is stored encrypted while at rest.", "references": "", "level_1": false, "level_2": true, "level_3": true, "enabled": true, "created": "2018-04-10T19:10:03.771Z", "updated": "2018-04-10T19:10:03.771Z", "cwe_mapping": [], "testing_guide": []}}, {"model": "dojo.benchmark_requirement", "pk": 89, "fields": {"category": 1, "objective_number": "7.13", "objective": "Verify that sensitive passwords or key material maintained in memory is overwritten with zeros as soon as it is no longer required, to mitigate memory dumping attacks.", "references": "", "level_1": false, "level_2": true, "level_3": true, "enabled": true, "created": "2018-04-10T19:10:34.846Z", "updated": "2018-04-10T19:10:34.846Z", "cwe_mapping": [], "testing_guide": []}}, {"model": "dojo.benchmark_requirement", "pk": 90, "fields": {"category": 1, "objective_number": "7.14", "objective": "Verify that all keys and passwords are replaceable, and are generated or replaced at installation time.", "references": "", "level_1": false, "level_2": true, "level_3": true, "enabled": true, "created": "2018-04-10T19:11:48.314Z", "updated": "2018-04-10T19:11:48.314Z", "cwe_mapping": [], "testing_guide": []}}, {"model": "dojo.benchmark_requirement", "pk": 91, "fields": {"category": 1, "objective_number": "7.15", "objective": "Verify that random numbers are created with proper entropy even when the application is under heavy load, or that the application degrades gracefully in such circumstances.", "references": "", "level_1": false, "level_2": false, "level_3": true, "enabled": true, "created": "2018-04-10T19:12:08.197Z", "updated": "2018-04-10T19:12:08.197Z", "cwe_mapping": [], "testing_guide": []}}, {"model": "dojo.benchmark_requirement", "pk": 92, "fields": {"category": 7, "objective_number": "8.1", "objective": "Verify that the application does not output error messages or stack traces containing sensitive data that could assist an attacker, including session id, software/framework versions and personal information.", "references": "", "level_1": true, "level_2": true, "level_3": true, "enabled": true, "created": "2018-04-10T19:14:27.314Z", "updated": "2018-04-10T19:14:27.314Z", "cwe_mapping": [], "testing_guide": []}}, {"model": "dojo.benchmark_requirement", "pk": 93, "fields": {"category": 7, "objective_number": "8.2", "objective": "Verify that error handling logic in security controls denies access by default.", "references": "", "level_1": false, "level_2": true, "level_3": true, "enabled": true, "created": "2018-04-10T19:14:48.444Z", "updated": "2018-04-10T19:14:48.444Z", "cwe_mapping": [], "testing_guide": []}}, {"model": "dojo.benchmark_requirement", "pk": 94, "fields": {"category": 7, "objective_number": "8.3", "objective": "Verify security logging controls provide the ability to log success and particularly failure events that are identified as security-relevant.", "references": "", "level_1": false, "level_2": true, "level_3": true, "enabled": true, "created": "2018-04-10T19:22:17.918Z", "updated": "2018-04-10T19:22:17.918Z", "cwe_mapping": [], "testing_guide": []}}, {"model": "dojo.benchmark_requirement", "pk": 95, "fields": {"category": 7, "objective_number": "8.4", "objective": "Verify that each log event includes necessary information that would allow for a detailed investigation of the timeline when an event happens.", "references": "", "level_1": false, "level_2": true, "level_3": true, "enabled": true, "created": "2018-04-10T19:22:36.882Z", "updated": "2018-04-10T19:22:36.882Z", "cwe_mapping": [], "testing_guide": []}}, {"model": "dojo.benchmark_requirement", "pk": 96, "fields": {"category": 7, "objective_number": "8.5", "objective": "Verify that all events that include untrusted data will not execute as code in the intended log viewing software.", "references": "", "level_1": false, "level_2": true, "level_3": true, "enabled": true, "created": "2018-04-10T19:22:52.630Z", "updated": "2018-04-10T19:22:52.630Z", "cwe_mapping": [], "testing_guide": []}}, {"model": "dojo.benchmark_requirement", "pk": 97, "fields": {"category": 7, "objective_number": "8.6", "objective": "Verify that security logs are protected from unauthorized access and modification.", "references": "", "level_1": false, "level_2": true, "level_3": true, "enabled": true, "created": "2018-04-10T19:23:13.084Z", "updated": "2018-04-10T19:23:13.084Z", "cwe_mapping": [], "testing_guide": []}}, {"model": "dojo.benchmark_requirement", "pk": 98, "fields": {"category": 7, "objective_number": "8.7", "objective": "Verify that the application does not log sensitive data as defined under local privacy laws or regulations, organizational sensitive data as defined by a risk assessment, or sensitive authentication data that could assist an attacker, including user's session identifiers, passwords, hashes, or API tokens.", "references": "", "level_1": false, "level_2": true, "level_3": true, "enabled": true, "created": "2018-04-10T19:23:39.729Z", "updated": "2018-04-10T19:23:39.729Z", "cwe_mapping": [], "testing_guide": []}}, {"model": "dojo.benchmark_requirement", "pk": 99, "fields": {"category": 7, "objective_number": "8.8", "objective": "Verify that all non-printable symbols and field separators are properly encoded in log entries, to prevent log injection.", "references": "", "level_1": false, "level_2": false, "level_3": true, "enabled": true, "created": "2018-04-10T19:23:54.556Z", "updated": "2018-04-10T19:23:54.556Z", "cwe_mapping": [], "testing_guide": []}}, {"model": "dojo.benchmark_requirement", "pk": 100, "fields": {"category": 7, "objective_number": "8.9", "objective": "Verify that log fields from trusted and untrusted sources are distinguishable in log entries.", "references": "", "level_1": false, "level_2": false, "level_3": true, "enabled": true, "created": "2018-04-10T19:24:17.081Z", "updated": "2018-04-10T19:24:17.081Z", "cwe_mapping": [], "testing_guide": []}}, {"model": "dojo.benchmark_requirement", "pk": 101, "fields": {"category": 7, "objective_number": "8.10", "objective": "Verify that an audit log or similar allows for non-repudiation of key transactions.", "references": "", "level_1": true, "level_2": true, "level_3": true, "enabled": true, "created": "2018-04-10T19:24:36.013Z", "updated": "2018-04-10T19:24:36.013Z", "cwe_mapping": [], "testing_guide": []}}, {"model": "dojo.benchmark_requirement", "pk": 102, "fields": {"category": 7, "objective_number": "8.11", "objective": "Verify that security logs have some form of integrity checking or controls to prevent unauthorized modification.", "references": "", "level_1": false, "level_2": false, "level_3": true, "enabled": true, "created": "2018-04-10T19:24:52.621Z", "updated": "2018-04-10T19:24:52.621Z", "cwe_mapping": [], "testing_guide": []}}, {"model": "dojo.benchmark_requirement", "pk": 103, "fields": {"category": 7, "objective_number": "8.12", "objective": "Verify that security logs have some form of integrity checking or controls to prevent unauthorized modification.", "references": "", "level_1": false, "level_2": false, "level_3": true, "enabled": true, "created": "2018-04-10T19:25:36.714Z", "updated": "2018-04-10T19:25:36.714Z", "cwe_mapping": [], "testing_guide": []}}, {"model": "dojo.benchmark_requirement", "pk": 104, "fields": {"category": 7, "objective_number": "8.13", "objective": "Verify that time sources are synchronized to the correct time and time zone.", "references": "", "level_1": true, "level_2": true, "level_3": true, "enabled": true, "created": "2018-04-10T19:25:56.051Z", "updated": "2018-04-10T19:25:56.051Z", "cwe_mapping": [], "testing_guide": []}}, {"model": "dojo.benchmark_requirement", "pk": 105, "fields": {"category": 8, "objective_number": "9.1", "objective": "Verify that all forms containing sensitive information have disabled client side caching, including autocomplete features.", "references": "", "level_1": true, "level_2": true, "level_3": true, "enabled": true, "created": "2018-04-10T20:03:10.119Z", "updated": "2018-04-10T20:03:10.119Z", "cwe_mapping": [], "testing_guide": []}}, {"model": "dojo.benchmark_requirement", "pk": 106, "fields": {"category": 8, "objective_number": "9.2", "objective": "Verify that the list of sensitive data processed by the application is identified, and that there is an explicit policy for how access to this data must be controlled, encrypted and enforced under relevant data protection directives.", "references": "", "level_1": false, "level_2": false, "level_3": true, "enabled": true, "created": "2018-04-10T20:03:30.746Z", "updated": "2018-04-10T20:03:30.746Z", "cwe_mapping": [], "testing_guide": []}}, {"model": "dojo.benchmark_requirement", "pk": 107, "fields": {"category": 8, "objective_number": "9.3", "objective": "Verify that all sensitive data is sent to the server in the HTTP message body or headers (i.e., URL parameters are never used to send sensitive data).", "references": "", "level_1": true, "level_2": true, "level_3": true, "enabled": true, "created": "2018-04-10T20:03:47.350Z", "updated": "2018-04-10T20:03:47.350Z", "cwe_mapping": [], "testing_guide": []}}, {"model": "dojo.benchmark_requirement", "pk": 108, "fields": {"category": 8, "objective_number": "9.4", "objective": "Verify that the application sets sufficient anti-caching headers such that any sensitive and personal information displayed by the application or entered by the user should not be cached on disk by mainstream modern browsers (e.g. visit about:cache to review disk cache).", "references": "", "level_1": true, "level_2": true, "level_3": true, "enabled": true, "created": "2018-04-10T20:04:04.636Z", "updated": "2018-04-10T20:04:04.636Z", "cwe_mapping": [], "testing_guide": []}}, {"model": "dojo.benchmark_requirement", "pk": 109, "fields": {"category": 8, "objective_number": "9.5", "objective": "Verify that on the server, all cached or temporary copies of sensitive data stored are protected from unauthorized access or purged/invalidated after the authorized user accesses the sensitive data.", "references": "", "level_1": false, "level_2": true, "level_3": true, "enabled": true, "created": "2018-04-10T20:04:20.860Z", "updated": "2018-04-10T20:04:20.860Z", "cwe_mapping": [], "testing_guide": []}}, {"model": "dojo.benchmark_requirement", "pk": 110, "fields": {"category": 8, "objective_number": "9.6", "objective": "Verify that there is a method to remove each type of sensitive data from the application at the end of the required retention policy.", "references": "", "level_1": false, "level_2": false, "level_3": true, "enabled": true, "created": "2018-04-10T20:04:35.940Z", "updated": "2018-04-10T20:04:35.940Z", "cwe_mapping": [], "testing_guide": []}}, {"model": "dojo.benchmark_requirement", "pk": 111, "fields": {"category": 8, "objective_number": "9.7", "objective": "Verify the application minimizes the number of parameters in a request, such as hidden fields, Ajax variables, cookies and header values.", "references": "", "level_1": false, "level_2": true, "level_3": true, "enabled": true, "created": "2018-04-10T20:04:55.217Z", "updated": "2018-04-10T20:04:55.217Z", "cwe_mapping": [], "testing_guide": []}}, {"model": "dojo.benchmark_requirement", "pk": 112, "fields": {"category": 8, "objective_number": "9.8", "objective": "Verify the application has the ability to detect and alert on abnormal numbers of requests for data harvesting for an example screen scraping.", "references": "", "level_1": false, "level_2": false, "level_3": true, "enabled": true, "created": "2018-04-10T20:05:10.438Z", "updated": "2018-04-10T20:05:10.438Z", "cwe_mapping": [], "testing_guide": []}}, {"model": "dojo.benchmark_requirement", "pk": 113, "fields": {"category": 8, "objective_number": "9.9", "objective": "Verify that data stored in client side storage (such as HTML5 local storage, session storage, IndexedDB, regular cookies or Flash cookies) does not contain sensitive data or PII.", "references": "", "level_1": true, "level_2": true, "level_3": true, "enabled": true, "created": "2018-04-10T20:05:27.568Z", "updated": "2018-04-10T20:05:27.568Z", "cwe_mapping": [], "testing_guide": []}}, {"model": "dojo.benchmark_requirement", "pk": 114, "fields": {"category": 8, "objective_number": "9.10", "objective": "Verify accessing sensitive data is logged, if the data is collected under relevant data protection directives or where logging of accesses is required.", "references": "", "level_1": false, "level_2": true, "level_3": true, "enabled": true, "created": "2018-04-10T20:05:52.280Z", "updated": "2018-04-10T20:05:52.280Z", "cwe_mapping": [], "testing_guide": []}}, {"model": "dojo.benchmark_requirement", "pk": 115, "fields": {"category": 8, "objective_number": "9.11", "objective": "Verify that sensitive information maintained in memory is overwritten with zeros as soon as it is no longer required, to mitigate memory dumping attacks.", "references": "", "level_1": false, "level_2": true, "level_3": true, "enabled": true, "created": "2018-04-10T20:06:09.895Z", "updated": "2018-04-10T20:06:09.895Z", "cwe_mapping": [], "testing_guide": []}}, {"model": "dojo.benchmark_requirement", "pk": 116, "fields": {"category": 8, "objective_number": "9.14", "objective": "Verify that authenticated data is cleared from client storage, such as the browser DOM, after the client or session is terminated.", "references": "", "level_1": false, "level_2": true, "level_3": true, "enabled": true, "created": "2018-04-10T20:06:26.799Z", "updated": "2018-04-10T20:06:26.799Z", "cwe_mapping": [], "testing_guide": []}}, {"model": "dojo.benchmark_requirement", "pk": 117, "fields": {"category": 9, "objective_number": "10.1", "objective": "Verify that a path can be built from a trusted CA to each Transport Layer Security (TLS) server certificate, and that each server certificate is valid.", "references": "", "level_1": true, "level_2": true, "level_3": true, "enabled": true, "created": "2018-04-11T01:35:42.155Z", "updated": "2018-04-11T01:35:42.155Z", "cwe_mapping": [], "testing_guide": []}}, {"model": "dojo.benchmark_requirement", "pk": 118, "fields": {"category": 9, "objective_number": "10.2", "objective": "Verify that TLS is used for all connections (including both external and backend connections) that are authenticated or that involve sensitive data or functions, and does not fall back to insecure or unencrypted protocols. Ensure the strongest alternative is the preferred algorithm.", "references": "", "level_1": true, "level_2": true, "level_3": true, "enabled": true, "created": "2018-04-11T01:35:59.132Z", "updated": "2018-04-11T01:35:59.132Z", "cwe_mapping": [], "testing_guide": []}}, {"model": "dojo.benchmark_requirement", "pk": 119, "fields": {"category": 9, "objective_number": "10.3", "objective": "Verify that backend TLS connection failures are logged.", "references": "", "level_1": false, "level_2": false, "level_3": true, "enabled": true, "created": "2018-04-11T01:36:33.439Z", "updated": "2018-04-11T01:36:33.439Z", "cwe_mapping": [], "testing_guide": []}}, {"model": "dojo.benchmark_requirement", "pk": 120, "fields": {"category": 9, "objective_number": "10.4", "objective": "Verify that certificate paths are built and verified for all client certificates using configured trust anchors and revocation information.", "references": "", "level_1": false, "level_2": false, "level_3": true, "enabled": true, "created": "2018-04-11T01:36:51.266Z", "updated": "2018-04-11T01:36:51.266Z", "cwe_mapping": [], "testing_guide": []}}, {"model": "dojo.benchmark_requirement", "pk": 121, "fields": {"category": 9, "objective_number": "10.5", "objective": "Verify that all connections to external systems that involve sensitive information or functions are authenticated.", "references": "", "level_1": false, "level_2": true, "level_3": true, "enabled": true, "created": "2018-04-11T01:37:07.994Z", "updated": "2018-04-11T01:37:07.994Z", "cwe_mapping": [], "testing_guide": []}}, {"model": "dojo.benchmark_requirement", "pk": 122, "fields": {"category": 9, "objective_number": "10.6", "objective": "Verify that there is a single standard TLS implementation that is used by the application that is configured to operate in an approved mode of operation.", "references": "", "level_1": false, "level_2": false, "level_3": true, "enabled": true, "created": "2018-04-11T01:37:24.291Z", "updated": "2018-04-11T01:37:24.291Z", "cwe_mapping": [], "testing_guide": []}}, {"model": "dojo.benchmark_requirement", "pk": 123, "fields": {"category": 9, "objective_number": "10.7", "objective": "Verify that TLS certificate public key pinning (HPKP) is implemented with production and backup public keys. For more information, please see the references below.", "references": "", "level_1": false, "level_2": true, "level_3": true, "enabled": true, "created": "2018-04-11T01:37:47.739Z", "updated": "2018-04-11T01:37:47.739Z", "cwe_mapping": [], "testing_guide": []}}, {"model": "dojo.benchmark_requirement", "pk": 124, "fields": {"category": 9, "objective_number": "10.8", "objective": "Verify that HTTP Strict Transport Security headers are included on all requests and for all subdomains, such as Strict-Transport-Security: max-age=15724800; includeSubdomains", "references": "", "level_1": true, "level_2": true, "level_3": true, "enabled": true, "created": "2018-04-11T01:38:13.649Z", "updated": "2018-04-11T01:38:13.649Z", "cwe_mapping": [], "testing_guide": []}}, {"model": "dojo.benchmark_requirement", "pk": 125, "fields": {"category": 9, "objective_number": "10.9", "objective": "Verify that production website URL has been submitted to preloaded list of Strict Transport Security domains maintained by web browser vendors. Please see the references below.", "references": "", "level_1": false, "level_2": false, "level_3": true, "enabled": true, "created": "2018-04-11T01:38:36.954Z", "updated": "2018-04-11T01:38:36.954Z", "cwe_mapping": [], "testing_guide": []}}, {"model": "dojo.benchmark_requirement", "pk": 126, "fields": {"category": 9, "objective_number": "10.11", "objective": "Verify that perfect forward secrecy is configured to mitigate passive attackers recording traffic.", "references": "", "level_1": true, "level_2": true, "level_3": true, "enabled": true, "created": "2018-04-11T01:39:02.098Z", "updated": "2018-04-11T01:39:02.098Z", "cwe_mapping": [], "testing_guide": []}}, {"model": "dojo.benchmark_requirement", "pk": 127, "fields": {"category": 9, "objective_number": "10.11", "objective": "Verify that proper certification revocation, such as Online Certificate Status Protocol (OCSP) Stapling, is enabled and configured.", "references": "", "level_1": true, "level_2": true, "level_3": true, "enabled": true, "created": "2018-04-11T01:39:21.912Z", "updated": "2018-04-11T01:39:21.912Z", "cwe_mapping": [], "testing_guide": []}}, {"model": "dojo.benchmark_requirement", "pk": 128, "fields": {"category": 9, "objective_number": "10.13", "objective": "Verify that only strong algorithms, ciphers, and protocols are used, through all the certificate hierarchy, including root and intermediary certificates of your selected certifying authority.", "references": "", "level_1": true, "level_2": true, "level_3": true, "enabled": true, "created": "2018-04-11T01:39:36.467Z", "updated": "2018-04-11T01:39:36.467Z", "cwe_mapping": [], "testing_guide": []}}, {"model": "dojo.benchmark_requirement", "pk": 129, "fields": {"category": 9, "objective_number": "10.14", "objective": "Verify that the TLS settings are in line with current leading practice, particularly as common configurations, ciphers, and algorithms become insecure.", "references": "", "level_1": true, "level_2": true, "level_3": true, "enabled": true, "created": "2018-04-11T01:39:56.601Z", "updated": "2018-04-11T01:39:56.601Z", "cwe_mapping": [], "testing_guide": []}}, {"model": "dojo.benchmark_requirement", "pk": 130, "fields": {"category": 10, "objective_number": "13.1", "objective": "Verify all malicious activity is adequately sandboxed, containerized or isolated to delay and deter attackers from attacking other applications.", "references": "", "level_1": true, "level_2": true, "level_3": true, "enabled": true, "created": "2018-04-11T01:49:41.661Z", "updated": "2018-04-11T01:49:41.661Z", "cwe_mapping": [], "testing_guide": []}}, {"model": "dojo.benchmark_requirement", "pk": 131, "fields": {"category": 10, "objective_number": "13.2", "objective": "Verify that the application source code, and as many third party libraries as possible, does not contain back doors, Easter eggs, and logic flaws in authentication, access control, input validation, and the business logic of high value transactions.", "references": "", "level_1": true, "level_2": true, "level_3": true, "enabled": true, "created": "2018-04-11T01:49:58.364Z", "updated": "2018-04-11T01:49:58.364Z", "cwe_mapping": [], "testing_guide": []}}, {"model": "dojo.benchmark_requirement", "pk": 132, "fields": {"category": 11, "objective_number": "15.1", "objective": "Verify the application will only process business logic flows in sequential step order, with all steps being processed in realistic human time, and not process out of order, skipped steps, process steps from another user, or too quickly submitted transactions.", "references": "", "level_1": false, "level_2": true, "level_3": true, "enabled": true, "created": "2018-04-11T01:52:09.853Z", "updated": "2018-04-11T01:52:09.853Z", "cwe_mapping": [], "testing_guide": []}}, {"model": "dojo.benchmark_requirement", "pk": 133, "fields": {"category": 11, "objective_number": "15.2", "objective": "Verify the application has business limits and correctly enforces on a per user basis, with configurable alerting and automated reactions to automated or unusual attack.", "references": "", "level_1": false, "level_2": true, "level_3": true, "enabled": true, "created": "2018-04-11T01:52:27.128Z", "updated": "2018-04-11T01:52:27.128Z", "cwe_mapping": [], "testing_guide": []}}, {"model": "dojo.benchmark_requirement", "pk": 134, "fields": {"category": 12, "objective_number": "16.1", "objective": "Verify that URL redirects and forwards only allow whitelisted destinations, or show a warning when redirecting to potentially untrusted content.", "references": "", "level_1": true, "level_2": true, "level_3": true, "enabled": true, "created": "2018-04-11T02:04:17.964Z", "updated": "2018-04-11T02:04:17.964Z", "cwe_mapping": [], "testing_guide": []}}, {"model": "dojo.benchmark_requirement", "pk": 135, "fields": {"category": 12, "objective_number": "16.2", "objective": "Verify that untrusted file data submitted to the application is not used directly with file I/O commands, particularly to protect against path traversal, local file include, file mime type, reflective file download, and OS command injection vulnerabilities.", "references": "", "level_1": true, "level_2": true, "level_3": true, "enabled": true, "created": "2018-04-11T02:04:34.163Z", "updated": "2018-04-11T02:04:34.163Z", "cwe_mapping": [], "testing_guide": []}}, {"model": "dojo.benchmark_requirement", "pk": 136, "fields": {"category": 12, "objective_number": "16.3", "objective": "Verify that files obtained from untrusted sources are validated to be of expected type and scanned by antivirus scanners to prevent upload of known malicious content.", "references": "", "level_1": true, "level_2": true, "level_3": true, "enabled": true, "created": "2018-04-11T02:04:59.568Z", "updated": "2018-04-11T02:04:59.568Z", "cwe_mapping": [], "testing_guide": []}}, {"model": "dojo.benchmark_requirement", "pk": 137, "fields": {"category": 12, "objective_number": "16.4", "objective": "Verify that untrusted data is not used within inclusion, class loader, or reflection capabilities to prevent remote/local code execution vulnerabilities.", "references": "", "level_1": true, "level_2": true, "level_3": true, "enabled": true, "created": "2018-04-11T02:07:18.554Z", "updated": "2018-04-11T02:07:18.554Z", "cwe_mapping": [], "testing_guide": []}}, {"model": "dojo.benchmark_requirement", "pk": 138, "fields": {"category": 12, "objective_number": "16.5", "objective": "Verify that untrusted data is not used within cross-domain resource sharing (CORS) to protect against arbitrary remote content.", "references": "", "level_1": true, "level_2": true, "level_3": true, "enabled": true, "created": "2018-04-11T02:07:38.656Z", "updated": "2018-04-11T02:07:38.656Z", "cwe_mapping": [], "testing_guide": []}}, {"model": "dojo.benchmark_requirement", "pk": 139, "fields": {"category": 12, "objective_number": "16.6", "objective": "Verify that files obtained from untrusted sources are stored outside the webroot, with limited permissions, preferably with strong validation.", "references": "", "level_1": false, "level_2": true, "level_3": true, "enabled": true, "created": "2018-04-11T02:07:55.938Z", "updated": "2018-04-11T02:07:55.938Z", "cwe_mapping": [], "testing_guide": []}}, {"model": "dojo.benchmark_requirement", "pk": 140, "fields": {"category": 12, "objective_number": "16.7", "objective": "Verify that the web or application server is configured by default to deny access to remote resources or systems outside the web or application server.", "references": "", "level_1": false, "level_2": true, "level_3": true, "enabled": true, "created": "2018-04-11T02:08:14.968Z", "updated": "2018-04-11T02:08:14.968Z", "cwe_mapping": [], "testing_guide": []}}, {"model": "dojo.benchmark_requirement", "pk": 141, "fields": {"category": 12, "objective_number": "16.8", "objective": "Verify the application code does not execute uploaded data obtained from untrusted sources.", "references": "", "level_1": true, "level_2": true, "level_3": true, "enabled": true, "created": "2018-04-11T02:08:32.429Z", "updated": "2018-04-11T02:08:32.429Z", "cwe_mapping": [], "testing_guide": []}}, {"model": "dojo.benchmark_requirement", "pk": 142, "fields": {"category": 12, "objective_number": "16.9", "objective": "Verify that unsupported, insecure or deprecated client-side technologies are not used, such as NSAPI plugins, Flash, Shockwave, Active-X, Silverlight, NACL, or client-side Java applets.", "references": "", "level_1": true, "level_2": true, "level_3": true, "enabled": true, "created": "2018-04-11T02:08:48.347Z", "updated": "2018-04-11T02:08:48.347Z", "cwe_mapping": [], "testing_guide": []}}, {"model": "dojo.benchmark_requirement", "pk": 143, "fields": {"category": 12, "objective_number": "16.10", "objective": "Verify that the cross-domain resource sharing (CORS) Access-Control-Allow-Origin header does not simply reflect the request's origin header or support the \"null\" origin.", "references": "", "level_1": true, "level_2": true, "level_3": true, "enabled": true, "created": "2018-04-11T02:09:04.768Z", "updated": "2018-04-11T02:09:04.768Z", "cwe_mapping": [], "testing_guide": []}}, {"model": "dojo.benchmark_requirement", "pk": 144, "fields": {"category": 15, "objective_number": "20.1", "objective": "Verify that application layer debugging interfaces such USB or serial are disabled.", "references": "", "level_1": true, "level_2": true, "level_3": true, "enabled": true, "created": "2018-04-11T11:07:50.720Z", "updated": "2018-04-11T11:07:50.720Z", "cwe_mapping": [], "testing_guide": []}}, {"model": "dojo.benchmark_requirement", "pk": 145, "fields": {"category": 15, "objective_number": "20.2", "objective": "Verify that cryptographic keys are unique to each individual device.", "references": "", "level_1": true, "level_2": true, "level_3": true, "enabled": true, "created": "2018-04-11T11:08:10.405Z", "updated": "2018-04-11T11:08:10.405Z", "cwe_mapping": [], "testing_guide": []}}, {"model": "dojo.benchmark_requirement", "pk": 146, "fields": {"category": 15, "objective_number": "20.3", "objective": "Verify that memory protection controls such as ASLR and DEP are enabled by the embedded/IoT operating system, if applicable.", "references": "", "level_1": true, "level_2": true, "level_3": true, "enabled": true, "created": "2018-04-11T11:08:25.227Z", "updated": "2018-04-11T11:08:25.227Z", "cwe_mapping": [], "testing_guide": []}}, {"model": "dojo.benchmark_requirement", "pk": 147, "fields": {"category": 15, "objective_number": "20.4", "objective": "Verify that on-chip debugging interfaces such as JTAG or SWD are disabled or that available protection mechanism is enabled and configured appropriately.", "references": "", "level_1": true, "level_2": true, "level_3": true, "enabled": true, "created": "2018-04-11T11:08:45.697Z", "updated": "2018-04-11T11:08:45.697Z", "cwe_mapping": [], "testing_guide": []}}, {"model": "dojo.benchmark_requirement", "pk": 148, "fields": {"category": 15, "objective_number": "20.5", "objective": "Verify that physical debug headers are not present on the device.", "references": "", "level_1": true, "level_2": true, "level_3": true, "enabled": true, "created": "2018-04-11T11:09:32.824Z", "updated": "2018-04-11T11:09:32.824Z", "cwe_mapping": [], "testing_guide": []}}, {"model": "dojo.benchmark_requirement", "pk": 149, "fields": {"category": 15, "objective_number": "20.6", "objective": "Verify that sensitive data is not stored unencrypted on the device.", "references": "", "level_1": true, "level_2": true, "level_3": true, "enabled": true, "created": "2018-04-11T11:09:51.965Z", "updated": "2018-04-11T11:09:51.965Z", "cwe_mapping": [], "testing_guide": []}}, {"model": "dojo.benchmark_requirement", "pk": 150, "fields": {"category": 15, "objective_number": "20.7", "objective": "Verify that the device prevents leaking of sensitive information.", "references": "", "level_1": true, "level_2": true, "level_3": true, "enabled": true, "created": "2018-04-11T11:10:12.639Z", "updated": "2018-04-11T11:10:12.639Z", "cwe_mapping": [], "testing_guide": []}}, {"model": "dojo.benchmark_requirement", "pk": 151, "fields": {"category": 15, "objective_number": "20.8", "objective": "Verify that the firmware apps protect data-in-transit using transport security.", "references": "", "level_1": true, "level_2": true, "level_3": true, "enabled": true, "created": "2018-04-11T11:10:46.813Z", "updated": "2018-04-11T11:10:46.813Z", "cwe_mapping": [], "testing_guide": []}}, {"model": "dojo.benchmark_requirement", "pk": 152, "fields": {"category": 15, "objective_number": "20.9", "objective": "Verify that the firmware apps validate the digital signature of server connections.", "references": "", "level_1": true, "level_2": true, "level_3": true, "enabled": true, "created": "2018-04-11T11:11:09.379Z", "updated": "2018-04-11T11:11:09.379Z", "cwe_mapping": [], "testing_guide": []}}, {"model": "dojo.benchmark_requirement", "pk": 153, "fields": {"category": 15, "objective_number": "20.10", "objective": "Verify that wireless communications are mutually authenticated.", "references": "", "level_1": true, "level_2": true, "level_3": true, "enabled": true, "created": "2018-04-11T11:11:30.500Z", "updated": "2018-04-11T11:11:30.500Z", "cwe_mapping": [], "testing_guide": []}}, {"model": "dojo.benchmark_requirement", "pk": 154, "fields": {"category": 15, "objective_number": "20.11", "objective": "Verify that wireless communications are sent over an encrypted channel.", "references": "", "level_1": true, "level_2": true, "level_3": true, "enabled": true, "created": "2018-04-11T11:11:50.655Z", "updated": "2018-04-11T11:11:50.655Z", "cwe_mapping": [], "testing_guide": []}}, {"model": "dojo.benchmark_requirement", "pk": 155, "fields": {"category": 15, "objective_number": "20.12", "objective": "Verify that the firmware apps pin the digital signature to a trusted server(s).", "references": "", "level_1": false, "level_2": true, "level_3": true, "enabled": true, "created": "2018-04-11T11:12:07.233Z", "updated": "2018-04-11T11:12:07.233Z", "cwe_mapping": [], "testing_guide": []}}, {"model": "dojo.benchmark_requirement", "pk": 156, "fields": {"category": 15, "objective_number": "20.13", "objective": "Verify the presence of physical tamper resistance and/or tamper detection features, including epoxy.", "references": "", "level_1": false, "level_2": true, "level_3": true, "enabled": true, "created": "2018-04-11T11:12:26.824Z", "updated": "2018-04-11T11:12:26.824Z", "cwe_mapping": [], "testing_guide": []}}, {"model": "dojo.benchmark_requirement", "pk": 157, "fields": {"category": 15, "objective_number": "20.14", "objective": "Verify that identifying markings on chips have been removed.", "references": "", "level_1": false, "level_2": true, "level_3": true, "enabled": true, "created": "2018-04-11T11:12:58.929Z", "updated": "2018-04-11T11:12:58.929Z", "cwe_mapping": [], "testing_guide": []}}, {"model": "dojo.benchmark_requirement", "pk": 158, "fields": {"category": 15, "objective_number": "20.15", "objective": "Verify that any available Intellectual Property protection technologies provided by the chip manufacturer are enabled.", "references": "", "level_1": false, "level_2": true, "level_3": true, "enabled": true, "created": "2018-04-11T11:13:14.702Z", "updated": "2018-04-11T11:13:14.702Z", "cwe_mapping": [], "testing_guide": []}}, {"model": "dojo.benchmark_requirement", "pk": 159, "fields": {"category": 15, "objective_number": "20.16", "objective": "Verify security controls are in place to hinder firmware reverse engineering (e.g., removal of verbose debugging strings).", "references": "", "level_1": false, "level_2": true, "level_3": true, "enabled": true, "created": "2018-04-11T11:13:35.583Z", "updated": "2018-04-11T11:13:35.583Z", "cwe_mapping": [], "testing_guide": []}}, {"model": "dojo.benchmark_requirement", "pk": 160, "fields": {"category": 15, "objective_number": "20.17", "objective": "Verify the device validates the boot image signature before loading.", "references": "", "level_1": false, "level_2": true, "level_3": true, "enabled": true, "created": "2018-04-11T11:13:53.410Z", "updated": "2018-04-11T11:13:53.410Z", "cwe_mapping": [], "testing_guide": []}}, {"model": "dojo.benchmark_requirement", "pk": 161, "fields": {"category": 15, "objective_number": "20.18", "objective": "Verify that the firmware update process is not vulnerable to time-of-check vs time-of-use attacks.", "references": "", "level_1": false, "level_2": true, "level_3": true, "enabled": true, "created": "2018-04-11T11:14:09.524Z", "updated": "2018-04-11T11:14:09.524Z", "cwe_mapping": [], "testing_guide": []}}, {"model": "dojo.benchmark_requirement", "pk": 162, "fields": {"category": 15, "objective_number": "20.19", "objective": "Verify the device uses code signing and validates firmware upgrade files before installing.", "references": "", "level_1": false, "level_2": true, "level_3": true, "enabled": true, "created": "2018-04-11T11:14:25.357Z", "updated": "2018-04-11T11:14:25.357Z", "cwe_mapping": [], "testing_guide": []}}, {"model": "dojo.benchmark_requirement", "pk": 163, "fields": {"category": 15, "objective_number": "20.20", "objective": "Verify that the device cannot be downgraded to old versions of valid firmware.", "references": "", "level_1": false, "level_2": true, "level_3": true, "enabled": true, "created": "2018-04-11T11:14:43.403Z", "updated": "2018-04-11T11:14:43.403Z", "cwe_mapping": [], "testing_guide": []}}, {"model": "dojo.benchmark_requirement", "pk": 164, "fields": {"category": 15, "objective_number": "20.21", "objective": "Verify usage of cryptographically secure pseudo-random number generator on embedded device (e.g., using chip-provided random number generators).", "references": "", "level_1": false, "level_2": true, "level_3": true, "enabled": true, "created": "2018-04-11T11:14:59.985Z", "updated": "2018-04-11T11:14:59.985Z", "cwe_mapping": [], "testing_guide": []}}, {"model": "dojo.benchmark_requirement", "pk": 165, "fields": {"category": 15, "objective_number": "20.22", "objective": "Verify that the device wipes firmware and sensitive data upon detection of tampering or receipt of invalid message.", "references": "", "level_1": false, "level_2": false, "level_3": true, "enabled": true, "created": "2018-04-11T11:15:22.134Z", "updated": "2018-04-11T11:15:22.134Z", "cwe_mapping": [], "testing_guide": []}}, {"model": "dojo.benchmark_requirement", "pk": 166, "fields": {"category": 15, "objective_number": "20.23", "objective": "Verify that only microcontrollers that support disabling debugging interfaces (e.g. JTAG, SWD) are used.", "references": "", "level_1": false, "level_2": false, "level_3": true, "enabled": true, "created": "2018-04-11T11:15:33.559Z", "updated": "2018-04-11T11:15:33.559Z", "cwe_mapping": [], "testing_guide": []}}, {"model": "dojo.benchmark_requirement", "pk": 167, "fields": {"category": 15, "objective_number": "20.24", "objective": "Verify that only microcontrollers that provide substantial protection from de-capping and side channel attacks are used.", "references": "", "level_1": false, "level_2": false, "level_3": true, "enabled": true, "created": "2018-04-11T11:15:47.863Z", "updated": "2018-04-11T11:15:47.863Z", "cwe_mapping": [], "testing_guide": []}}, {"model": "dojo.benchmark_requirement", "pk": 168, "fields": {"category": 15, "objective_number": "20.25", "objective": "Verify that sensitive traces are not exposed to outer layers of the printed circuit board.", "references": "", "level_1": false, "level_2": false, "level_3": true, "enabled": true, "created": "2018-04-11T11:16:00.608Z", "updated": "2018-04-11T11:16:00.608Z", "cwe_mapping": [], "testing_guide": []}}, {"model": "dojo.benchmark_requirement", "pk": 169, "fields": {"category": 15, "objective_number": "20.26", "objective": "Verify that inter-chip communication is encrypted.", "references": "", "level_1": false, "level_2": false, "level_3": true, "enabled": true, "created": "2018-04-11T11:16:13.105Z", "updated": "2018-04-11T11:16:13.105Z", "cwe_mapping": [], "testing_guide": []}}, {"model": "dojo.benchmark_requirement", "pk": 170, "fields": {"category": 15, "objective_number": "20.27", "objective": "Verify the device uses code signing and validates code before execution.", "references": "", "level_1": false, "level_2": false, "level_3": true, "enabled": true, "created": "2018-04-11T11:16:25.973Z", "updated": "2018-04-11T11:16:25.973Z", "cwe_mapping": [], "testing_guide": []}}, {"model": "dojo.benchmark_requirement", "pk": 171, "fields": {"category": 15, "objective_number": "20.27", "objective": "Verify that sensitive information maintained in memory is overwritten with zeros as soon as it is no longer required.", "references": "", "level_1": false, "level_2": false, "level_3": true, "enabled": true, "created": "2018-04-11T11:16:43.811Z", "updated": "2018-04-11T11:16:43.811Z", "cwe_mapping": [], "testing_guide": []}}, {"model": "dojo.benchmark_requirement", "pk": 172, "fields": {"category": 15, "objective_number": "20.29", "objective": "Verify that the firmware apps utilize kernel containers for isolation between apps.", "references": "", "level_1": false, "level_2": false, "level_3": true, "enabled": true, "created": "2018-04-11T11:17:01.716Z", "updated": "2018-04-11T11:17:01.716Z", "cwe_mapping": [], "testing_guide": []}}, {"model": "dojo.benchmark_requirement", "pk": 173, "fields": {"category": 14, "objective_number": "19.1", "objective": "Verify that all components are up to date with proper security configuration(s) and version(s). This should include removal of unneeded configurations and folders such as sample applications, platform documentation, and default or example users.", "references": "", "level_1": true, "level_2": true, "level_3": true, "enabled": true, "created": "2018-04-11T11:24:21.828Z", "updated": "2018-04-11T11:24:21.828Z", "cwe_mapping": [], "testing_guide": []}}, {"model": "dojo.benchmark_requirement", "pk": 174, "fields": {"category": 14, "objective_number": "19.2", "objective": "Verify that communications between components, such as between the application server and the database server, are encrypted, particularly when the components are in different containers or on different systems.", "references": "", "level_1": false, "level_2": true, "level_3": true, "enabled": true, "created": "2018-04-11T11:24:39.890Z", "updated": "2018-04-11T11:24:39.890Z", "cwe_mapping": [], "testing_guide": []}}, {"model": "dojo.benchmark_requirement", "pk": 175, "fields": {"category": 14, "objective_number": "19.3", "objective": "Verify that communications between components, such as between the application server and the database server, is authenticated using an account with the least necessary privileges.", "references": "", "level_1": false, "level_2": true, "level_3": true, "enabled": true, "created": "2018-04-11T11:24:56.630Z", "updated": "2018-04-11T11:24:56.630Z", "cwe_mapping": [], "testing_guide": []}}, {"model": "dojo.benchmark_requirement", "pk": 176, "fields": {"category": 14, "objective_number": "19.4", "objective": "Verify application deployments are adequately sandboxed, containerized or isolated to delay and deter attackers from attacking other applications.", "references": "", "level_1": false, "level_2": true, "level_3": true, "enabled": true, "created": "2018-04-11T11:25:18.922Z", "updated": "2018-04-11T11:25:18.922Z", "cwe_mapping": [], "testing_guide": []}}, {"model": "dojo.benchmark_requirement", "pk": 177, "fields": {"category": 14, "objective_number": "19.5", "objective": "Verify that the application build and deployment processes are performed in a secure and repeatable method, such as CI / CD automation and automated configuration management.", "references": "", "level_1": false, "level_2": true, "level_3": true, "enabled": true, "created": "2018-04-11T11:27:01.661Z", "updated": "2018-04-11T11:27:01.661Z", "cwe_mapping": [], "testing_guide": []}}, {"model": "dojo.benchmark_requirement", "pk": 178, "fields": {"category": 14, "objective_number": "19.6", "objective": "Verify that authorised administrators have the capability to verify the integrity of all security-relevant configurations to detect tampering.", "references": "", "level_1": false, "level_2": false, "level_3": true, "enabled": true, "created": "2018-04-11T11:27:21.360Z", "updated": "2018-04-11T11:27:21.360Z", "cwe_mapping": [], "testing_guide": []}}, {"model": "dojo.benchmark_requirement", "pk": 179, "fields": {"category": 14, "objective_number": "19.7", "objective": "Verify that all application components are signed.", "references": "", "level_1": false, "level_2": false, "level_3": true, "enabled": true, "created": "2018-04-11T11:27:38.293Z", "updated": "2018-04-11T11:27:38.294Z", "cwe_mapping": [], "testing_guide": []}}, {"model": "dojo.benchmark_requirement", "pk": 180, "fields": {"category": 14, "objective_number": "19.8", "objective": "Verify that third party components come from trusted repositories.", "references": "", "level_1": false, "level_2": false, "level_3": true, "enabled": true, "created": "2018-04-11T11:27:56.079Z", "updated": "2018-04-11T11:27:56.079Z", "cwe_mapping": [], "testing_guide": []}}, {"model": "dojo.benchmark_requirement", "pk": 181, "fields": {"category": 14, "objective_number": "19.9", "objective": "Verify that build processes for system level languages have all security flags enabled, such as ASLR, DEP, and security checks.", "references": "", "level_1": false, "level_2": false, "level_3": true, "enabled": true, "created": "2018-04-11T11:28:15.183Z", "updated": "2018-04-11T11:28:15.183Z", "cwe_mapping": [], "testing_guide": []}}, {"model": "dojo.benchmark_requirement", "pk": 182, "fields": {"category": 14, "objective_number": "19.10", "objective": "Verify that all application assets are hosted by the application, such as JavaScript libraries, CSS stylesheets and web fonts are hosted by the application rather than rely on a CDN or external provider.", "references": "", "level_1": false, "level_2": false, "level_3": true, "enabled": true, "created": "2018-04-11T11:28:31.535Z", "updated": "2018-04-11T11:28:31.535Z", "cwe_mapping": [], "testing_guide": []}}, {"model": "dojo.benchmark_requirement", "pk": 183, "fields": {"category": 14, "objective_number": "19.11", "objective": "Verify that all application components, services, and servers each use their own low privilege service account, that is not shared between applications nor used by administrators.", "references": "", "level_1": false, "level_2": true, "level_3": true, "enabled": true, "created": "2018-04-11T11:28:48.369Z", "updated": "2018-04-11T11:28:48.369Z", "cwe_mapping": [], "testing_guide": []}}, {"model": "dojo.benchmark_requirement", "pk": 184, "fields": {"category": 13, "objective_number": "18.1", "objective": "Verify that the same encoding style is used between the client and the server.", "references": "", "level_1": true, "level_2": true, "level_3": true, "enabled": true, "created": "2018-04-11T11:29:30.653Z", "updated": "2018-04-11T11:29:30.653Z", "cwe_mapping": [], "testing_guide": []}}, {"model": "dojo.benchmark_requirement", "pk": 185, "fields": {"category": 13, "objective_number": "18.2", "objective": "Verify that access to administration and management functions within the Web Service Application is limited to web service administrators.", "references": "", "level_1": true, "level_2": true, "level_3": true, "enabled": true, "created": "2018-04-11T11:29:47.034Z", "updated": "2018-04-11T11:29:47.034Z", "cwe_mapping": [], "testing_guide": []}}, {"model": "dojo.benchmark_requirement", "pk": 186, "fields": {"category": 13, "objective_number": "18.3", "objective": "Verify that XML or JSON schema is in place and verified before accepting input.", "references": "", "level_1": true, "level_2": true, "level_3": true, "enabled": true, "created": "2018-04-11T11:30:10.128Z", "updated": "2018-04-11T11:30:10.128Z", "cwe_mapping": [], "testing_guide": []}}, {"model": "dojo.benchmark_requirement", "pk": 187, "fields": {"category": 13, "objective_number": "18.4", "objective": "Verify that all input is limited to an appropriate size limit.", "references": "", "level_1": true, "level_2": true, "level_3": true, "enabled": true, "created": "2018-04-11T11:30:27.140Z", "updated": "2018-04-11T11:30:27.141Z", "cwe_mapping": [], "testing_guide": []}}, {"model": "dojo.benchmark_requirement", "pk": 188, "fields": {"category": 13, "objective_number": "18.5", "objective": "Verify that SOAP based web services are compliant with Web Services-Interoperability (WS-I) Basic Profile at minimum. This essentially means TLS encryption.", "references": "", "level_1": true, "level_2": true, "level_3": true, "enabled": true, "created": "2018-04-11T11:30:45.544Z", "updated": "2018-04-11T11:30:45.544Z", "cwe_mapping": [], "testing_guide": []}}, {"model": "dojo.benchmark_requirement", "pk": 189, "fields": {"category": 13, "objective_number": "18.7", "objective": "Verify that the REST service is protected from Cross-Site Request Forgery via the use of at least one or more of the following: double submit cookie pattern, CSRF nonces, ORIGIN request header checks, and referrer request header checks.", "references": "", "level_1": true, "level_2": true, "level_3": true, "enabled": true, "created": "2018-04-11T11:31:06.094Z", "updated": "2018-04-11T11:31:06.094Z", "cwe_mapping": [], "testing_guide": []}}, {"model": "dojo.benchmark_requirement", "pk": 190, "fields": {"category": 13, "objective_number": "18.8", "objective": "Verify the REST service explicitly check the incoming Content-Type to be the expected one, such as application/xml or application/json.", "references": "", "level_1": false, "level_2": true, "level_3": true, "enabled": true, "created": "2018-04-11T11:31:24.980Z", "updated": "2018-04-11T11:31:24.980Z", "cwe_mapping": [], "testing_guide": []}}, {"model": "dojo.benchmark_requirement", "pk": 191, "fields": {"category": 13, "objective_number": "18.9", "objective": "Verify that the message payload is signed to ensure reliable transport between client and service, using JSON Web Signing or WS-Security for SOAP requests.", "references": "", "level_1": false, "level_2": true, "level_3": true, "enabled": true, "created": "2018-04-11T11:31:45.167Z", "updated": "2018-04-11T11:31:45.167Z", "cwe_mapping": [], "testing_guide": []}}, {"model": "dojo.benchmark_requirement", "pk": 192, "fields": {"category": 13, "objective_number": "18.10", "objective": "Verify that alternative and less secure access paths do not exist.", "references": "", "level_1": false, "level_2": true, "level_3": true, "enabled": true, "created": "2018-04-11T11:32:13.509Z", "updated": "2018-04-11T11:32:13.509Z", "cwe_mapping": [], "testing_guide": []}}, {"model": "watson.searchentry", "pk": 1, "fields": {"engine_slug": "default", "content_type": 47, "object_id": "1", "object_id_int": 1, "title": "Juice Shop", "description": "", "content": "Juice Shop Juice Shop, see https://github.com/bkimminich/juice-shop 0 0 0 None None None None", "url": "", "meta_encoded": "{}"}}, {"model": "watson.searchentry", "pk": 2, "fields": {"engine_slug": "default", "content_type": 47, "object_id": "2", "object_id_int": 2, "title": "BodgeIT Store", "description": "", "content": "BodgeIT Store BodgeIT Store, see https://github.com/psiinon/bodgeit 0 0 0 None None None None", "url": "", "meta_encoded": "{}"}}]